Timestamp_Local, NodeID, ax   , ay   , az   , gx    , gy   , gz          , Timestamp_Node
Sensor1        , 3077  , 356  , 3614 , -629 , -136  , -548 , 00:04:738000, 
Sensor1        , 2721  , 106  , 3483 , -80  , -854  , -50  , 00:04:847000, 
Sensor1        , 3023  , 156  , 3283 , -153 , 157   , -43  , 00:04:952000, 
Sensor1        , 3093  , 158  , 3267 , -118 , -331  , -51  , 00:05:056000, 
Sensor1        , 3034  , 181  , 3292 , -130 , -192  , -56  , 00:05:162000, 
Sensor1        , 3039  , 110  , 3284 , -269 , -361  , -268 , 00:05:266000, 
Sensor1        , 3072  , 110  , 3244 , -145 , -10   , -66  , 00:05:371000, 
Sensor1        , 3125  , 162  , 3256 , -132 , -135  , -45  , 00:05:476000, 
Sensor1        , 3086  , 179  , 3244 , -125 , -120  , -52  , 00:05:581000, 
Sensor1        , 3081  , 164  , 3193 , -134 , -111  , -47  , 00:05:686000, 
Sensor1        , 3126  , 161  , 3169 , -143 , -414  , -89  , 00:05:790000, 
Sensor1        , 3101  , 212  , 3188 , -151 , 142   , -28  , 00:05:895000, 
Sensor1        , 3159  , 162  , 3185 , -136 , -123  , -46  , 00:06:000000, 
Sensor1        , 3174  , 142  , 3154 , -134 , -138  , -45  , 00:06:105000, 
Sensor1        , 3128  , 163  , 3244 , -136 , -94   , -47  , 00:06:210000, 
Sensor1        , 3140  , 152  , 3168 , -133 , -87   , -53  , 00:06:314000, 
Sensor1        , 3157  , 170  , 3198 , -140 , -89   , -45  , 00:06:419000, 
Sensor1        , 3135  , 151  , 3169 , -132 , -91   , -51  , 00:06:524000, 
Sensor1        , 3165  , 152  , 3190 , -138 , -73   , -49  , 00:06:629000, 
Sensor1        , 3159  , 166  , 3171 , -132 , -73   , -49  , 00:06:734000, 
Sensor1        , 3135  , 162  , 3166 , -139 , -92   , -43  , 00:06:839000, 
Sensor1        , 3192  , 122  , 3118 , -139 , -49   , -50  , 00:06:944000, 
Sensor1        , 3192  , 121  , 3129 , -133 , -201  , -50  , 00:07:049000, 
Sensor1        , 3215  , 148  , 3147 , -136 , -45   , -54  , 00:07:154000, 
Sensor1        , 3192  , 138  , 3112 , -123 , -259  , -53  , 00:07:259000, 
Sensor1        , 3199  , 164  , 3109 , -145 , -6    , -56  , 00:07:364000, 
Sensor1        , 3216  , 130  , 3107 , -143 , -42   , -48  , 00:07:469000, 
Sensor1        , 3195  , 141  , 3108 , -131 , -91   , -46  , 00:07:573000, 
Sensor1        , 3229  , 187  , 3117 , -140 , -80   , -62  , 00:07:678000, 
Sensor1        , 3164  , 171  , 3152 , -142 , -66   , -45  , 00:07:783000, 
Sensor1        , 3208  , 148  , 3113 , -139 , -52   , -49  , 00:07:888000, 
Sensor1        , 3198  , 179  , 3145 , -140 , -66   , -46  , 00:07:993000, 
Sensor1        , 3192  , 166  , 3113 , -141 , -78   , -51  , 00:08:097000, 
Sensor1        , 3197  , 145  , 3145 , -135 , -82   , -50  , 00:08:202000, 
Sensor1        , 3194  , 144  , 3075 , -141 , -37   , -43  , 00:08:307000, 
Sensor1        , 3202  , 129  , 3090 , -141 , -79   , -42  , 00:08:412000, 
Sensor1        , 3205  , 147  , 3126 , -138 , -96   , -46  , 00:08:517000, 
Sensor1        , 3175  , 147  , 3110 , -142 , -68   , -46  , 00:08:621000, 
Sensor1        , 3196  , 162  , 3114 , -140 , -79   , -46  , 00:08:726000, 
Sensor1        , 3182  , 80   , 3079 , -181 , -277  , -79  , 00:08:831000, 
Sensor1        , 3243  , 166  , 3087 , -141 , -59   , -44  , 00:08:936000, 
Sensor1        , 3213  , 180  , 3083 , -188 , -98   , -92  , 00:09:041000, 
Sensor1        , 3201  , 150  , 3116 , -144 , 45    , -42  , 00:09:146000, 
Sensor1        , 3219  , 151  , 3049 , -137 , -36   , -50  , 00:09:250000, 
Sensor1        , 3199  , 151  , 3064 , -140 , -77   , -48  , 00:09:355000, 
Sensor1        , 3210  , 173  , 3125 , -139 , -74   , -51  , 00:09:460000, 
Sensor1        , 3205  , 172  , 3099 , -139 , -85   , -48  , 00:09:565000, 
Sensor1        , 3222  , 136  , 3123 , -141 , -79   , -49  , 00:09:670000, 
Sensor1        , 3216  , 133  , 3094 , -144 , -76   , -43  , 00:09:775000, 
Sensor1        , 3200  , 156  , 3129 , -142 , -71   , -54  , 00:09:879000, 
Sensor1        , 3150  , 142  , 3100 , -135 , -50   , -53  , 00:09:984000, 
Sensor1        , 3203  , 173  , 3072 , -140 , -147  , -44  , 00:10:089000, 
Sensor1        , 3286  , 185  , 3090 , -139 , -190  , -65  , 00:10:194000, 
Sensor1        , 3226  , 150  , 3130 , -136 , -138  , -69  , 00:10:299000, 
Sensor1        , 3240  , 156  , 3088 , -141 , -70   , -51  , 00:10:403000, 
Sensor1        , 3261  , 175  , 3115 , -143 , -188  , -77  , 00:10:508000, 
Sensor1        , 3206  , 136  , 3080 , -138 , -26   , -52  , 00:10:613000, 
Sensor1        , 3282  , 149  , 3063 , -138 , -121  , -46  , 00:10:718000, 
Sensor1        , 3201  , 166  , 3096 , -136 , -47   , -46  , 00:10:823000, 
Sensor1        , 3265  , 139  , 3054 , -142 , -38   , -47  , 00:10:928000, 
Sensor1        , 1190  , -743 , 2601 , -5155, -6075 , 8504 , 00:11:032000, 
Sensor1        , 6608  , 847  , 2146 , -549 , -3444 , -3726, 00:11:137000, 
Sensor1        , 3918  , 854  , 2394 , -2492, 9167  , -741 , 00:11:242000, 
Sensor1        , 3202  , 112  , 3665 , -464 , -3741 , -535 , 00:11:347000, 
Sensor1        , 3282  , -14  , 2197 , 942  , -10700, 1533 , 00:11:453000, 
Sensor1        , 4505  , -591 , 1048 , -2421, 1820  , -2123, 00:11:559000, 
Sensor1        , 3139  , 154  , 2792 , -304 , 3532  , 52   , 00:11:664000, 
Sensor1        , 3082  , 275  , 3576 , -155 , -887  , -36  , 00:11:769000, 
Sensor1        , 5169  , -52  , 2646 , 328  , 3891  , -1073, 00:11:873000, 
Sensor1        , 8962  , 2348 , -1493, -2601, -1817 , -229 , 00:11:978000, 
Sensor1        , 366   , 1084 , 7192 , -279 , 1785  , 263  , 00:12:083000, 
Sensor1        , 3512  , 157  , 2820 , -162 , -809  , -82  , 00:12:188000, 
Sensor1        , 3337  , 166  , 2820 , -95  , 90    , -8   , 00:12:293000, 
Sensor1        , 3419  , 193  , 2816 , -140 , -1    , -53  , 00:12:398000, 
Sensor1        , 3347  , 223  , 2908 , -125 , -184  , -43  , 00:12:503000, 
Sensor1        , 3401  , 181  , 2911 , -150 , 62    , -40  , 00:12:607000, 
Sensor1        , 3388  , 206  , 2883 , -123 , -265  , -59  , 00:12:712000, 
Sensor1        , 3346  , 140  , 2962 , -154 , 180   , -37  , 00:12:817000, 
Sensor1        , 3421  , 151  , 2845 , -130 , -241  , -49  , 00:12:922000, 
Sensor1        , 3394  , 189  , 2895 , -139 , -93   , -40  , 00:13:027000, 
Sensor1        , 3316  , 169  , 2842 , -154 , -12   , -38  , 00:13:132000, 
Sensor1        , 3475  , 183  , 2858 , -151 , 59    , -45  , 00:13:236000, 
Sensor1        , 3378  , 166  , 2862 , -124 , -204  , -47  , 00:13:341000, 
Sensor1        , 3373  , 145  , 2908 , -153 , 97    , -40  , 00:13:446000, 
Sensor1        , 3382  , 157  , 2882 , -135 , -151  , -38  , 00:13:551000, 
Sensor1        , 3388  , 186  , 2923 , -138 , -82   , -46  , 00:13:656000, 
Sensor1        , 3380  , 147  , 2838 , -138 , -81   , -41  , 00:13:761000, 
Sensor1        , 3400  , 178  , 2880 , -134 , -50   , -47  , 00:13:865000, 
Sensor1        , 3404  , 162  , 2941 , -135 , -109  , -55  , 00:13:970000, 
Sensor1        , 3378  , 169  , 2866 , -144 , -2    , -46  , 00:14:075000, 
Sensor1        , 3406  , 162  , 2850 , -133 , -156  , -49  , 00:14:180000, 
Sensor1        , 3387  , 163  , 2905 , -143 , -1    , -53  , 00:14:285000, 
Sensor1        , 3390  , 172  , 2904 , -135 , -86   , -54  , 00:14:390000, 
Sensor1        , 3395  , 146  , 2907 , -133 , -147  , -49  , 00:14:495000, 
Sensor1        , 3410  , 177  , 2902 , -141 , -41   , -41  , 00:14:599000, 
Sensor1        , 3408  , 169  , 2912 , -140 , -87   , -50  , 00:14:704000, 
Sensor1        , 3399  , 160  , 2867 , -135 , -56   , -49  , 00:14:809000, 
Sensor1        , 3361  , 158  , 2915 , -139 , -55   , -56  , 00:14:914000, 
Sensor1        , 3384  , 177  , 2897 , -145 , -107  , -49  , 00:15:019000, 
Sensor1        , 3370  , 148  , 2861 , -142 , -53   , -56  , 00:15:124000, 
Sensor1        , 3441  , 136  , 2829 , -144 , 21    , -46  , 00:15:229000, 
Sensor1        , 3380  , 157  , 2893 , -130 , -151  , -43  , 00:15:333000, 
Sensor1        , 3364  , 189  , 2899 , -143 , -21   , -47  , 00:15:438000, 
Sensor1        , 3410  , 152  , 2865 , -129 , -107  , -50  , 00:15:543000, 
Sensor1        , 3351  , 144  , 2963 , -142 , -48   , -49  , 00:15:648000, 
Sensor1        , 3404  , 163  , 2855 , -139 , -48   , -44  , 00:15:753000, 
Sensor1        , 3400  , 187  , 2867 , -135 , -108  , -49  , 00:15:859000, 
Sensor1        , 3389  , 178  , 2914 , -137 , -69   , -51  , 00:15:964000, 
Sensor1        , 3414  , 175  , 2852 , -144 , -45   , -46  , 00:16:069000, 
Sensor1        , 3379  , 196  , 2927 , -129 , -67   , -44  , 00:16:174000, 
Sensor1        , 3386  , 185  , 2847 , -145 , -25   , -49  , 00:16:279000, 
Sensor1        , 3397  , 184  , 2893 , -139 , -66   , -37  , 00:16:384000, 
Sensor1        , 3399  , 149  , 2872 , -135 , -84   , -53  , 00:16:489000, 
Sensor1        , 3398  , 144  , 2895 , -141 , -44   , -49  , 00:16:593000, 
Sensor1        , 3395  , 179  , 2858 , -131 , -114  , -52  , 00:16:698000, 
Sensor1        , 3364  , 181  , 2862 , -141 , -66   , -46  , 00:16:803000, 
Sensor1        , 3399  , 193  , 2861 , -135 , -19   , -48  , 00:16:908000, 
Sensor1        , 3410  , 156  , 2865 , -142 , -54   , -49  , 00:17:013000, 
Sensor1        , 3413  , 167  , 2883 , -140 , -100  , -50  , 00:17:118000, 
Sensor1        , 3418  , 171  , 2882 , -134 , -55   , -50  , 00:17:223000, 
Sensor1        , 3413  , 181  , 2889 , -136 , -114  , -52  , 00:17:327000, 
Sensor1        , 3403  , 184  , 2880 , -136 , -41   , -50  , 00:17:432000, 
Sensor1        , 3408  , 151  , 2853 , -143 , -95   , -44  , 00:17:537000, 
Sensor1        , 3386  , 156  , 2868 , -132 , -74   , -56  , 00:17:642000, 
Sensor1        , 3392  , 153  , 2841 , -138 , -84   , -47  , 00:17:747000, 
Sensor1        , 3368  , 164  , 2879 , -142 , -17   , -50  , 00:17:852000, 
Sensor1        , 3397  , 164  , 2874 , -132 , -107  , -50  , 00:17:957000, 
Sensor1        , 3373  , 168  , 2885 , -143 , -34   , -52  , 00:18:062000, 
Sensor1        , 3436  , 176  , 2848 , -136 , -106  , -51  , 00:18:166000, 
Sensor1        , 3382  , 151  , 2927 , -137 , -57   , -49  , 00:18:271000, 
Sensor1        , 3439  , 130  , 2825 , -139 , -55   , -56  , 00:18:376000, 
Sensor1        , 3393  , 124  , 2853 , -137 , -76   , -49  , 00:18:481000, 
Sensor1        , 3396  , 195  , 2850 , -136 , -56   , -47  , 00:18:586000, 
Sensor1        , 3417  , 163  , 2870 , -141 , -15   , -41  , 00:18:691000, 
Sensor1        , 3414  , 186  , 2864 , -137 , -122  , -54  , 00:18:796000, 
Sensor1        , 3377  , 173  , 2872 , -144 , -36   , -46  , 00:18:900000, 
Sensor1        , 3382  , 178  , 2914 , -142 , -84   , -49  , 00:19:005000, 
Sensor1        , 3367  , 180  , 2944 , -137 , -79   , -47  , 00:19:110000, 
Sensor1        , 3443  , 178  , 2867 , -132 , -96   , -56  , 00:19:215000, 
Sensor1        , 3362  , 179  , 2917 , -139 , -63   , -53  , 00:19:320000, 
Sensor1        , 3409  , 150  , 2758 , -191 , -67   , -82  , 00:19:425000, 
Sensor1        , 3361  , 184  , 2875 , -144 , -31   , -46  , 00:19:530000, 
Sensor1        , 3403  , 153  , 2865 , -139 , -66   , -54  , 00:19:635000, 
Sensor1        , 3401  , 154  , 2919 , -121 , -162  , -70  , 00:19:739000, 
Sensor1        , 3432  , 175  , 2904 , -144 , -10   , -36  , 00:19:844000, 
Sensor1        , 3423  , 166  , 2852 , -131 , -209  , -50  , 00:19:949000, 
Sensor1        , 3387  , 184  , 2870 , -137 , 17    , -45  , 00:20:055000, 
Sensor1        , 3408  , 171  , 2836 , -132 , -140  , -52  , 00:20:160000, 
Sensor1        , 3381  , 178  , 2838 , -145 , -35   , -44  , 00:20:265000, 
Sensor1        , 4385  , 1065 , 2552 , -829 , 506   , -517 , 00:20:370000, 
Sensor1        , 1597  , -724 , 5119 , 1282 , -611  , -257 , 00:20:475000, 
Sensor1        , 4165  , 602  , 5140 , -378 , 2146  , 2916 , 00:20:580000, 
Sensor1        , 3554  , -613 , 4728 , -3394, 10694 , 7651 , 00:20:685000, 
Sensor1        , -63   , -1532, 3774 , -5196, 3944  , 6745 , 00:20:790000, 
Sensor1        , 205   , -1972, 3710 , -3443, 2743  , 5419 , 00:20:894000, 
Sensor1        , -2595 , -1665, 2936 , -2027, 724   , 3177 , 00:20:999000, 
Sensor1        , -2758 , -1682, 2695 , -322 , -58   , 1769 , 00:21:104000, 
Sensor1        , -2094 , -1528, 906  , -1132, 1714  , 912  , 00:21:209000, 
Sensor1        , -2617 , -1674, 1478 , 535  , 2193  , 2575 , 00:21:314000, 
Sensor1        , -5003 , -1191, 1210 , 155  , 1458  , 1884 , 00:21:419000, 
Sensor1        , -2334 , 0    , -1314, 1133 , 2199  , 252  , 00:21:524000, 
Sensor1        , -3373 , -839 , 2363 , -1623, 778   , -2591, 00:21:629000, 
Sensor1        , -3569 , -1045, 772  , 184  , 915   , 1175 , 00:21:733000, 
Sensor1        , -3609 , -613 , 1315 , -552 , -234  , -1460, 00:21:838000, 
Sensor1        , -2869 , -1494, 1885 , 4102 , -983  , 2167 , 00:21:943000, 
Sensor1        , -3221 , -1094, 660  , -322 , -368  , 183  , 00:22:048000, 
Sensor1        , -3614 , -826 , 891  , -150 , 628   , 691  , 00:22:153000, 
Sensor1        , -4151 , -710 , 665  , -227 , -801  , -462 , 00:22:258000, 
Sensor1        , -4437 , -957 , 1132 , 163  , -1039 , -329 , 00:22:363000, 
Sensor1        , -3888 , -963 , 1338 , -90  , -464  , -416 , 00:22:468000, 
Sensor1        , -3423 , -1099, 1375 , 165  , -91   , 70   , 00:22:573000, 
Sensor1        , -3346 , -1130, 1351 , -321 , -134  , 217  , 00:22:678000, 
Sensor1        , -3364 , -1013, 1422 , -167 , 582   , 188  , 00:22:783000, 
Sensor1        , -3648 , -751 , 1127 , 299  , 658   , 630  , 00:22:888000, 
Sensor1        , -4027 , -820 , 912  , 364  , 233   , -89  , 00:22:993000, 
Sensor1        , -3823 , -890 , 916  , 156  , -228  , -480 , 00:23:098000, 
Sensor1        , -3849 , -1069, 1252 , 335  , -562  , -312 , 00:23:203000, 
Sensor1        , -5104 , -1193, 1572 , -323 , -89   , -629 , 00:23:308000, 
Sensor1        , -3748 , -1318, 657  , -1799, -113  , -3605, 00:23:412000, 
Sensor1        , -1158 , -1071, -1184, -201 , 1078  , -3175, 00:23:517000, 
Sensor1        , -5920 , -1924, 4062 , 2028 , 255   , 1306 , 00:23:622000, 
Sensor1        , -2919 , -2399, 1098 , 300  , -519  , 580  , 00:23:727000, 
Sensor1        , -3402 , -2467, 964  , -342 , 887   , 233  , 00:23:832000, 
Sensor1        , -3369 , -2330, 631  , -147 , 374   , -871 , 00:23:937000, 
Sensor1        , -3109 , -2535, 550  , 573  , 13    , -1389, 00:24:042000, 
Sensor1        , -3062 , -2688, 922  , 381  , 10    , -956 , 00:24:147000, 
Sensor1        , -2868 , -2891, 686  , 296  , 379   , -765 , 00:24:253000, 
Sensor1        , -3075 , -3016, 372  , -18  , 135   , -548 , 00:24:359000, 
Sensor1        , -2633 , -3059, 735  , -92  , 108   , -426 , 00:24:463000, 
Sensor1        , -2577 , -3092, 593  , -185 , -306  , -321 , 00:24:568000, 
Sensor1        , -2554 , -3129, 593  , -149 , 84    , -303 , 00:24:673000, 
Sensor1        , -2550 , -3170, 486  , -402 , 301   , -166 , 00:24:778000, 
Sensor1        , -2303 , -3258, 740  , -419 , 334   , -260 , 00:24:883000, 
Sensor1        , -2219 , -3204, 757  , -497 , 140   , -322 , 00:24:988000, 
Sensor1        , -2300 , -3248, 694  , -204 , -65   , -210 , 00:25:093000, 
Sensor1        , -2376 , -3257, 626  , -188 , -165  , -87  , 00:25:198000, 
Sensor1        , -2271 , -3301, 360  , -429 , 237   , -48  , 00:25:303000, 
Sensor1        , -2504 , -3326, 461  , -228 , -94   , 58   , 00:25:408000, 
Sensor1        , -2542 , -3322, 308  , -380 , 148   , 76   , 00:25:513000, 
Sensor1        , -2332 , -3265, 162  , -501 , 110   , 25   , 00:25:618000, 
Sensor1        , -2366 , -3338, 180  , -313 , -75   , 100  , 00:25:722000, 
Sensor1        , -2429 , -3337, 232  , 9    , -540  , -57  , 00:25:827000, 
Sensor1        , -2371 , -3240, 419  , -51  , -166  , -340 , 00:25:932000, 
Sensor1        , -2500 , -3321, 432  , 20   , -86   , -53  , 00:26:037000, 
Sensor1        , -2501 , -3323, 134  , -109 , -92   , -115 , 00:26:142000, 
Sensor1        , -2453 , -3306, 87   , 36   , -27   , -38  , 00:26:247000, 
Sensor1        , -2334 , -3268, 145  , -58  , -541  , -61  , 00:26:352000, 
Sensor1        , -2462 , -3373, 227  , 96   , -928  , 34   , 00:26:457000, 
Sensor1        , -2739 , -3710, -891 , 435  , 3797  , -1006, 00:26:562000, 
Sensor1        , -1658 , -3357, 806  , 1135 , -1285 , -100 , 00:26:667000, 
Sensor1        , -2297 , -3154, 1166 , 1152 , -1359 , 15   , 00:26:772000, 
Sensor1        , -2035 , -3279, 1143 , 106  , -499  , 194  , 00:26:876000, 
Sensor1        , -2118 , -3017, 971  , 428  , -1625 , 485  , 00:26:981000, 
Sensor1        , -2976 , -2962, 2515 , 1092 , -1618 , 318  , 00:27:086000, 
Sensor1        , -1609 , -3207, 2185 , -568 , -3586 , -649 , 00:27:191000, 
Sensor1        , -2236 , -3022, 2135 , -111 , 104   , 755  , 00:27:296000, 
Sensor1        , -2105 , -3173, 1964 , -105 , -451  , 62   , 00:27:401000, 
Sensor1        , -2352 , -2897, 2012 , -1232, -2041 , -348 , 00:27:506000, 
Sensor1        , -2254 , -3033, 2059 , -207 , -598  , 101  , 00:27:611000, 
Sensor1        , -2140 , -3331, 1301 , -118 , -158  , 293  , 00:27:716000, 
Sensor1        , -1863 , -3089, 2093 , -773 , -452  , 22   , 00:27:821000, 
Sensor1        , -1605 , -3237, 1951 , -189 , -323  , -48  , 00:27:926000, 
Sensor1        , -1933 , -3111, 2107 , -314 , -276  , -255 , 00:28:031000, 
Sensor1        , -1944 , -3179, 2359 , -26  , 366   , 97   , 00:28:136000, 
Sensor1        , -1691 , -2917, 1665 , -127 , 283   , 761  , 00:28:240000, 
Sensor1        , -2386 , -2891, 2136 , 1662 , -259  , 1187 , 00:28:345000, 
Sensor1        , -1863 , -2647, 2962 , 874  , 532   , -467 , 00:28:450000, 
Sensor1        , -1871 , -2535, 2485 , -540 , 170   , 462  , 00:28:556000, 
Sensor1        , -2174 , -2524, 2400 , 599  , 1287  , -195 , 00:28:661000, 
Sensor1        , -1905 , -2495, 3123 , 753  , 556   , 554  , 00:28:766000, 
Sensor1        , -2584 , -2596, 2141 , -364 , -132  , 1277 , 00:28:871000, 
Sensor1        , -2326 , -2407, 3245 , 628  , -754  , 574  , 00:28:976000, 
Sensor1        , -3243 , -2243, 2323 , -964 , -532  , 393  , 00:29:081000, 
Sensor1        , -2260 , -1998, 2866 , -2   , 147   , -49  , 00:29:186000, 
Sensor1        , -2655 , -2012, 2773 , -36  , -324  , -44  , 00:29:291000, 
Sensor1        , -2618 , -2070, 2690 , -77  , -43   , -170 , 00:29:395000, 
Sensor1        , -2584 , -2142, 2823 , -116 , -152  , -207 , 00:29:500000, 
Sensor1        , -2484 , -2008, 2586 , -605 , -94   , -211 , 00:29:605000, 
Sensor1        , -2560 , -2003, 2723 , -181 , -105  , -85  , 00:29:710000, 
Sensor1        , -2592 , -2028, 2725 , -141 , -179  , -93  , 00:29:815000, 
Sensor1        , -2549 , -2064, 2819 , -233 , -8    , -18  , 00:29:920000, 
Sensor1        , -2573 , -1966, 2654 , -280 , -154  , -99  , 00:30:025000, 
Sensor1        , -2533 , -2005, 2654 , 60   , -155  , -68  , 00:30:130000, 
Sensor1        , -2588 , -2021, 2816 , -211 , -60   , 115  , 00:30:235000, 
Sensor1        , -2481 , -1946, 2907 , -166 , -355  , 46   , 00:30:339000, 
Sensor1        , -2772 , -1999, 2465 , -520 , -198  , 292  , 00:30:444000, 
Sensor1        , -2691 , -1966, 2574 , -132 , -35   , 108  , 00:30:549000, 
Sensor1        , -2666 , -1964, 2771 , -241 , 7     , 108  , 00:30:654000, 
Sensor1        , -2732 , -1922, 2571 , -249 , -123  , 35   , 00:30:759000, 
Sensor1        , -2657 , -2051, 2740 , 17   , 7     , 105  , 00:30:864000, 
Sensor1        , -2941 , -1958, 2675 , -18  , 85    , 232  , 00:30:969000, 
Sensor1        , -2844 , -1913, 2610 , -130 , -133  , 310  , 00:31:074000, 
Sensor1        , -2707 , -1825, 2515 , -244 , -31   , 23   , 00:31:179000, 
Sensor1        , -2701 , -1804, 2726 , 41   , -35   , -12  , 00:31:284000, 
Sensor1        , -2843 , -1849, 2568 , -142 , -28   , 179  , 00:31:388000, 
Sensor1        , -2796 , -1812, 2695 , -10  , -149  , -66  , 00:31:493000, 
Sensor1        , -2744 , -1827, 2632 , -110 , -110  , -87  , 00:31:598000, 
Sensor1        , -2799 , -1848, 2706 , -52  , -68   , 32   , 00:31:703000, 
Sensor1        , -2819 , -1863, 2657 , -162 , -136  , 76   , 00:31:808000, 
Sensor1        , -2767 , -1780, 2639 , 28   , -94   , -79  , 00:31:913000, 
Sensor1        , -2830 , -1834, 2579 , -263 , -13   , -116 , 00:32:018000, 
Sensor1        , -2818 , -1791, 2599 , -176 , -355  , -26  , 00:32:123000, 
Sensor1        , -2767 , -1902, 2703 , -197 , -280  , -178 , 00:32:227000, 
Sensor1        , -2756 , -1891, 2588 , -219 , -421  , -129 , 00:32:332000, 
Sensor1        , -2769 , -1892, 2652 , -255 , -487  , 30   , 00:32:437000, 
Sensor1        , -2540 , -1865, 2602 , -143 , -342  , 77   , 00:32:542000, 
Sensor1        , -2222 , -1519, 2794 , -403 , -190  , 2008 , 00:32:647000, 
Sensor1        , -2943 , -895 , 2298 , -1240, -108  , 4724 , 00:32:753000, 
Sensor1        , -3008 , -296 , 2140 , -119 , -371  , 3457 , 00:32:857000, 
Sensor1        , -2644 , 314  , 2353 , -847 , 194   , 3491 , 00:32:962000, 
Sensor1        , -3256 , 752  , 2899 , 10   , -1237 , 4144 , 00:33:067000, 
Sensor1        , -2807 , 978  , 2838 , 368  , -704  , 1657 , 00:33:172000, 
Sensor1        , -2766 , 1556 , 3066 , 3    , -1477 , -894 , 00:33:277000, 
Sensor1        , -2398 , 2073 , 3649 , -1124, 491   , -526 , 00:33:382000, 
Sensor1        , -3069 , 1744 , 3307 , 373  , -2184 , -2614, 00:33:487000, 
Sensor1        , -2651 , 1390 , 3498 , -737 , -1362 , -408 , 00:33:592000, 
Sensor1        , -2701 , 1332 , 2806 , -417 , -376  , -551 , 00:33:697000, 
Sensor1        , -2455 , 1321 , 3198 , -446 , -317  , 341  , 00:33:801000, 
Sensor1        , -2543 , 1372 , 3747 , -9   , -205  , -222 , 00:33:906000, 
Sensor1        , 2700  , 705  , -2710, -985 , 1603  , -2614, 00:34:011000, 
Sensor1        , -2024 , 1332 , 1732 , -738 , 380   , -596 , 00:34:116000, 
Sensor1        , -2862 , 1735 , 5869 , -468 , 4174  , -681 , 00:34:221000, 
Sensor1        , -61   , -1431, -1439, -1849, 9879  , -151 , 00:34:326000, 
Sensor1        , -5056 , 909  , 2747 , 230  , 337   , -50  , 00:34:431000, 
Sensor1        , -3366 , -348 , -912 , 157  , 4143  , -953 , 00:34:536000, 
Sensor1        , -32768, -8443, -4854, 6787 , 25606 , -8305, 00:34:641000, 
Sensor1        , -2943 , -163 , -2325, 1718 , 129   , -1140, 00:34:745000, 
Sensor1        , -2883 , -430 , -2296, 14   , -16   , 240  , 00:34:850000, 
Sensor1        , -2975 , -271 , -2453, -93  , -97   , -71  , 00:34:955000, 
Sensor1        , -2961 , -287 , -2414, -139 , -69   , -46  , 00:35:060000, 
Sensor1        , -2991 , -287 , -2421, -141 , -70   , -48  , 00:35:165000, 
Sensor1        , -2966 , -295 , -2420, -138 , -75   , -53  , 00:35:270000, 
Sensor1        , -2990 , -289 , -2394, -136 , -67   , -55  , 00:35:375000, 
Sensor1        , -2968 , -301 , -2397, -136 , -76   , -49  , 00:35:480000, 
Sensor1        , -2960 , -283 , -2445, -140 , -79   , -45  , 00:35:585000, 
Sensor1        , -3002 , -274 , -2413, -135 , -73   , -55  , 00:35:690000, 
Sensor1        , -2986 , -283 , -2420, -141 , -74   , -48  , 00:35:795000, 
Sensor1        , -2970 , -292 , -2432, -140 , -58   , -48  , 00:35:899000, 
Sensor1        , -2975 , -269 , -2454, -141 , -72   , -59  , 00:36:004000, 
Sensor1        , -2966 , -279 , -2421, -135 , -69   , -46  , 00:36:109000, 
Sensor1        , -2955 , -304 , -2416, -139 , -76   , -51  , 00:36:214000, 
Sensor1        , -2999 , -292 , -2394, -139 , -66   , -46  , 00:36:319000, 
Sensor1        , -2972 , -268 , -2441, -136 , -67   , -48  , 00:36:424000, 
Sensor1        , -2978 , -292 , -2394, -129 , -70   , -52  , 00:36:529000, 
Sensor1        , -2987 , -295 , -2418, -136 , -75   , -51  , 00:36:634000, 
Sensor1        , -2985 , -281 , -2455, -138 , -70   , -46  , 00:36:739000, 
Sensor1        , -2967 , -264 , -2387, -138 , -75   , -46  , 00:36:843000, 
Sensor1        , -2987 , -292 , -2428, -138 , -73   , -44  , 00:36:948000, 
Sensor1        , -2969 , -277 , -2384, -140 , -69   , -48  , 00:37:054000, 
Sensor1        , -2998 , -303 , -2446, -137 , -73   , -51  , 00:37:159000, 
Sensor1        , -2970 , -311 , -2397, -142 , -68   , -43  , 00:37:264000, 
Sensor1        , -2974 , -272 , -2381, -139 , -74   , -47  , 00:37:369000, 
Sensor1        , -2969 , -284 , -2431, -139 , -67   , -47  , 00:37:474000, 
Sensor1        , -2963 , -291 , -2405, -142 , -68   , -48  , 00:37:579000, 
Sensor1        , -2976 , -320 , -2409, -143 , -67   , -52  , 00:37:684000, 
Sensor1        , -2984 , -282 , -2423, -133 , -72   , -52  , 00:37:789000, 
Sensor1        , -2983 , -273 , -2413, -141 , -65   , -57  , 00:37:893000, 
Sensor1        , -2990 , -281 , -2429, -131 , -63   , -48  , 00:37:998000, 
Sensor1        , -2984 , -286 , -2412, -141 , -70   , -46  , 00:38:103000, 
Sensor1        , -2993 , -301 , -2433, -137 , -81   , -47  , 00:38:208000, 
Sensor1        , -3012 , -294 , -2418, -141 , -64   , -52  , 00:38:313000, 
Sensor1        , -2954 , -281 , -2397, -138 , -67   , -49  , 00:38:418000, 
Sensor1        , -2979 , -297 , -2404, -136 , -72   , -48  , 00:38:523000, 
Sensor1        , -2993 , -296 , -2422, -138 , -67   , -43  , 00:38:627000, 
Sensor1        , -2946 , -292 , -2407, -137 , -76   , -48  , 00:38:732000, 
Sensor1        , -2978 , -330 , -2438, -137 , -69   , -48  , 00:38:837000, 
Sensor1        , -2987 , -287 , -2427, -141 , -70   , -52  , 00:38:942000, 
Sensor1        , -2987 , -296 , -2417, -137 , -76   , -51  , 00:39:047000, 
Sensor1        , -2994 , -282 , -2435, -134 , -68   , -52  , 00:39:152000, 
Sensor1        , -2976 , -298 , -2386, -139 , -72   , -49  , 00:39:257000, 
Sensor1        , -2937 , -314 , -2414, -140 , -69   , -49  , 00:39:362000, 
Sensor1        , -2980 , -300 , -2404, -138 , -68   , -48  , 00:39:467000, 
Sensor1        , -2986 , -305 , -2403, -138 , -66   , -47  , 00:39:572000, 
Sensor1        , -2980 , -300 , -2429, -136 , -73   , -51  , 00:39:677000, 
Sensor1        , -2950 , -309 , -2431, -141 , -66   , -49  , 00:39:782000, 
Sensor1        , -2961 , -278 , -2433, -135 , -68   , -47  , 00:39:887000, 
Sensor1        , -2992 , -306 , -2425, -139 , -65   , -48  , 00:39:992000, 
Sensor1        , -2952 , -301 , -2427, -137 , -71   , -56  , 00:40:097000, 
Sensor1        , -3005 , -313 , -2412, -144 , -71   , -52  , 00:40:202000, 
Sensor1        , -3006 , -294 , -2430, -134 , -76   , -53  , 00:40:307000, 
Sensor1        , -2968 , -288 , -2412, -142 , -71   , -44  , 00:40:412000, 
Sensor1        , -2968 , -281 , -2410, -137 , -71   , -47  , 00:40:517000, 
Sensor1        , -2977 , -289 , -2434, -143 , -63   , -45  , 00:40:622000, 
Sensor1        , -3001 , -309 , -2407, -140 , -70   , -49  , 00:40:727000, 
Sensor1        , -2958 , -278 , -2423, -138 , -70   , -49  , 00:40:831000, 
Sensor1        , -2980 , -296 , -2367, -132 , -70   , -48  , 00:40:936000, 
Sensor1        , -2969 , -297 , -2430, -146 , -73   , -48  , 00:41:041000, 
Sensor1        , -2961 , -319 , -2431, -136 , -70   , -51  , 00:41:146000, 
Sensor1        , -2980 , -265 , -2398, -139 , -72   , -45  , 00:41:252000, 
Sensor1        , -2971 , -309 , -2397, -136 , -66   , -52  , 00:41:357000, 
Sensor1        , -2954 , -292 , -2413, -139 , -73   , -46  , 00:41:462000, 
Sensor1        , -2963 , -303 , -2423, -139 , -66   , -49  , 00:41:567000, 
Sensor1        , -2997 , -284 , -2475, -139 , -64   , -47  , 00:41:672000, 
Sensor1        , -2991 , -293 , -2376, -140 , -73   , -53  , 00:41:777000, 
Sensor1        , -2963 , -299 , -2435, -139 , -69   , -48  , 00:41:882000, 
Sensor1        , -2939 , -292 , -2425, -141 , -73   , -51  , 00:41:987000, 
Sensor1        , -2993 , -283 , -2429, -141 , -74   , -46  , 00:42:091000, 
Sensor1        , -2979 , -271 , -2405, -137 , -71   , -50  , 00:42:196000, 
Sensor1        , -2986 , -289 , -2449, -139 , -66   , -48  , 00:42:301000, 
Sensor1        , -2976 , -298 , -2377, -142 , -76   , -55  , 00:42:406000, 
Sensor1        , -2976 , -302 , -2405, -139 , -66   , -47  , 00:42:511000, 
Sensor1        , -2984 , -304 , -2422, -135 , -70   , -48  , 00:42:616000, 
Sensor1        , -2973 , -271 , -2414, -142 , -69   , -51  , 00:42:721000, 
Sensor1        , -2987 , -312 , -2422, -139 , -65   , -48  , 00:42:826000, 
Sensor1        , -2987 , -293 , -2416, -137 , -76   , -46  , 00:42:931000, 
Sensor1        , -2965 , -315 , -2360, -136 , -73   , -51  , 00:43:036000, 
Sensor1        , -2973 , -312 , -2398, -143 , -68   , -54  , 00:43:140000, 
Sensor1        , -2970 , -290 , -2433, -137 , -70   , -53  , 00:43:245000, 
Sensor1        , -2954 , -296 , -2416, -137 , -68   , -49  , 00:43:350000, 
Sensor1        , -2989 , -300 , -2421, -140 , -71   , -50  , 00:43:455000, 
Sensor1        , -2995 , -303 , -2423, -135 , -67   , -44  , 00:43:560000, 
Sensor1        , -2978 , -296 , -2386, -140 , -68   , -50  , 00:43:665000, 
Sensor1        , -2958 , -277 , -2445, -144 , -72   , -54  , 00:43:770000, 
Sensor1        , -2973 , -300 , -2396, -138 , -73   , -46  , 00:43:875000, 
Sensor1        , -2985 , -313 , -2461, -136 , -71   , -54  , 00:43:980000, 
Sensor1        , -2939 , -311 , -2400, -135 , -68   , -52  , 00:44:085000, 
Sensor1        , -2994 , -308 , -2374, -134 , -71   , -48  , 00:44:189000, 
Sensor1        , -2982 , -307 , -2439, -135 , -69   , -51  , 00:44:294000, 
Sensor1        , -2979 , -288 , -2388, -135 , -67   , -45  , 00:44:399000, 
Sensor1        , -3007 , -302 , -2422, -142 , -71   , -53  , 00:44:504000, 
Sensor1        , -2974 , -295 , -2436, -137 , -74   , -48  , 00:44:609000, 
Sensor1        , -2990 , -282 , -2435, -140 , -67   , -49  , 00:44:714000, 
Sensor1        , -2987 , -285 , -2434, -138 , -66   , -45  , 00:44:819000, 
Sensor1        , -2982 , -302 , -2397, -134 , -76   , -45  , 00:44:924000, 
Sensor1        , -2980 , -293 , -2375, -138 , -65   , -49  , 00:45:029000, 
Sensor1        , -2960 , -311 , -2458, -135 , -68   , -54  , 00:45:133000, 
Sensor1        , -2997 , -294 , -2434, -139 , -76   , -49  , 00:45:238000, 
Sensor1        , -2971 , -292 , -2427, -135 , -65   , -48  , 00:45:343000, 
Sensor1        , -2961 , -268 , -2429, -139 , -69   , -43  , 00:45:448000, 
Sensor1        , -2965 , -285 , -2440, -134 , -69   , -49  , 00:45:554000, 
Sensor1        , -2976 , -300 , -2422, -143 , -67   , -51  , 00:45:658000, 
Sensor1        , -2982 , -314 , -2440, -136 , -70   , -52  , 00:45:763000, 
Sensor1        , -2983 , -289 , -2408, -134 , -68   , -44  , 00:45:868000, 
Sensor1        , -2976 , -289 , -2433, -141 , -74   , -49  , 00:45:972000, 
Sensor1        , -2988 , -282 , -2444, -137 , -63   , -46  , 00:46:077000, 
Sensor1        , -2986 , -290 , -2418, -139 , -68   , -42  , 00:46:182000, 
Sensor1        , -2956 , -290 , -2393, -137 , -68   , -47  , 00:46:288000, 
Sensor1        , -2979 , -291 , -2464, -141 , -65   , -48  , 00:46:393000, 
Sensor1        , -2966 , -288 , -2425, -137 , -74   , -44  , 00:46:498000, 
Sensor1        , -2989 , -272 , -2395, -140 , -63   , -54  , 00:46:603000, 
Sensor1        , -2976 , -329 , -2417, -136 , -68   , -43  , 00:46:707000, 
Sensor1        , -2978 , -288 , -2404, -130 , -67   , -52  , 00:46:812000, 
Sensor1        , -2974 , -287 , -2393, -134 , -69   , -48  , 00:46:917000, 
Sensor1        , -3003 , -318 , -2433, -138 , -71   , -44  , 00:47:022000, 
Sensor1        , -2991 , -290 , -2421, -140 , -65   , -47  , 00:47:127000, 
Sensor1        , -2948 , -290 , -2376, -139 , -63   , -47  , 00:47:232000, 
Sensor1        , -2991 , -319 , -2430, -133 , -66   , -51  , 00:47:337000, 
Sensor1        , -2974 , -282 , -2386, -137 , -67   , -44  , 00:47:442000, 
Sensor1        , -2996 , -300 , -2436, -135 , -64   , -51  , 00:47:546000, 
Sensor1        , -2996 , -310 , -2420, -138 , -69   , -46  , 00:47:651000, 
Sensor1        , -2970 , -291 , -2390, -141 , -66   , -50  , 00:47:757000, 
Sensor1        , -2978 , -279 , -2444, -145 , -72   , -51  , 00:47:862000, 
Sensor1        , -2963 , -315 , -2426, -138 , -70   , -51  , 00:47:966000, 
Sensor1        , -2959 , -307 , -2459, -130 , -69   , -45  , 00:48:071000, 
Sensor1        , -2969 , -302 , -2446, -133 , -69   , -47  , 00:48:176000, 
Sensor1        , -2994 , -286 , -2434, -141 , -71   , -48  , 00:48:282000, 
Sensor1        , -2986 , -292 , -2432, -137 , -68   , -46  , 00:48:386000, 
Sensor1        , -2997 , -290 , -2428, -139 , -77   , -52  , 00:48:491000, 
Sensor1        , -2988 , -330 , -2394, -132 , -71   , -47  , 00:48:596000, 
Sensor1        , -2983 , -283 , -2429, -143 , -63   , -53  , 00:48:701000, 
Sensor1        , -2937 , -305 , -2397, -143 , -70   , -40  , 00:48:807000, 
Sensor1        , -2981 , -273 , -2415, -137 , -74   , -52  , 00:48:911000, 
Sensor1        , -3002 , -309 , -2440, -145 , -64   , -51  , 00:49:016000, 
Sensor1        , -2979 , -276 , -2364, -140 , -63   , -50  , 00:49:121000, 
Sensor1        , -2983 , -273 , -2430, -137 , -68   , -51  , 00:49:226000, 
Sensor1        , -2965 , -300 , -2407, -135 , -70   , -49  , 00:49:331000, 
Sensor1        , -2987 , -288 , -2422, -136 , -72   , -52  , 00:49:436000, 
Sensor1        , -2985 , -281 , -2407, -137 , -70   , -50  , 00:49:541000, 
Sensor1        , -2969 , -293 , -2426, -138 , -71   , -45  , 00:49:646000, 
Sensor1        , -2967 , -289 , -2403, -136 , -72   , -52  , 00:49:752000, 
Sensor1        , -2976 , -299 , -2422, -139 , -75   , -53  , 00:49:857000, 
Sensor1        , -2974 , -313 , -2400, -144 , -72   , -49  , 00:49:961000, 
Sensor1        , -2996 , -278 , -2396, -134 , -64   , -54  , 00:50:066000, 
Sensor1        , -2990 , -302 , -2410, -137 , -66   , -52  , 00:50:171000, 
Sensor1        , -2993 , -306 , -2429, -138 , -75   , -47  , 00:50:276000, 
Sensor1        , -2984 , -278 , -2423, -140 , -70   , -54  , 00:50:381000, 
Sensor1        , -2985 , -292 , -2411, -135 , -62   , -56  , 00:50:486000, 
Sensor1        , -2983 , -289 , -2400, -139 , -64   , -46  , 00:50:591000, 
Sensor1        , -2973 , -292 , -2449, -136 , -66   , -46  , 00:50:696000, 
Sensor1        , -2976 , -297 , -2449, -139 , -68   , -49  , 00:50:801000, 
Sensor1        , -2987 , -281 , -2403, -139 , -71   , -45  , 00:50:906000, 
Sensor1        , -2983 , -312 , -2400, -145 , -72   , -45  , 00:51:011000, 
Sensor1        , -2969 , -302 , -2385, -143 , -75   , -47  , 00:51:116000, 
Sensor1        , -2967 , -295 , -2438, -134 , -73   , -47  , 00:51:220000, 
Sensor1        , -2981 , -291 , -2424, -133 , -60   , -44  , 00:51:325000, 
Sensor1        , -2941 , -295 , -2429, -135 , -72   , -48  , 00:51:430000, 
Sensor1        , -2987 , -285 , -2401, -138 , -67   , -49  , 00:51:535000, 
Sensor1        , -2985 , -293 , -2423, -139 , -72   , -54  , 00:51:640000, 
Sensor1        , -2962 , -294 , -2401, -136 , -68   , -45  , 00:51:745000, 
Sensor1        , -2993 , -297 , -2448, -137 , -67   , -49  , 00:51:850000, 
Sensor1        , -3007 , -302 , -2385, -141 , -67   , -48  , 00:51:955000, 
Sensor1        , -2972 , -301 , -2399, -138 , -73   , -52  , 00:52:060000, 
Sensor1        , -2980 , -270 , -2401, -137 , -71   , -45  , 00:52:165000, 
Sensor1        , -2987 , -305 , -2422, -139 , -66   , -48  , 00:52:270000, 
Sensor1        , -2972 , -314 , -2440, -139 , -70   , -58  , 00:52:374000, 
Sensor1        , -2977 , -291 , -2427, -142 , -73   , -49  , 00:52:479000, 
Sensor1        , -2980 , -289 , -2431, -135 , -74   , -46  , 00:52:584000, 
Sensor1        , -2976 , -288 , -2427, -138 , -69   , -43  , 00:52:689000, 
Sensor1        , -2991 , -261 , -2424, -140 , -66   , -47  , 00:52:794000, 
Sensor1        , -2978 , -307 , -2401, -136 , -72   , -48  , 00:52:899000, 
Sensor1        , -2988 , -268 , -2452, -137 , -81   , -50  , 00:53:004000, 
Sensor1        , -2983 , -307 , -2416, -140 , -68   , -54  , 00:53:109000, 
Sensor1        , -2986 , -308 , -2430, -142 , -62   , -46  , 00:53:214000, 
Sensor1        , -2966 , -288 , -2429, -142 , -68   , -51  , 00:53:319000, 
Sensor1        , -2997 , -312 , -2440, -137 , -70   , -51  , 00:53:423000, 
Sensor1        , -2992 , -293 , -2399, -135 , -70   , -49  , 00:53:528000, 
Sensor1        , -2969 , -291 , -2413, -139 , -69   , -52  , 00:53:633000, 
Sensor1        , -2977 , -296 , -2409, -136 , -67   , -44  , 00:53:738000, 
Sensor1        , -2980 , -295 , -2395, -144 , -76   , -45  , 00:53:843000, 
Sensor1        , -2962 , -281 , -2426, -141 , -66   , -47  , 00:53:949000, 
Sensor1        , -2978 , -318 , -2424, -141 , -76   , -46  , 00:54:053000, 
Sensor1        , -2993 , -310 , -2403, -136 , -69   , -51  , 00:54:158000, 
Sensor1        , -2978 , -306 , -2420, -138 , -69   , -49  , 00:54:263000, 
Sensor1        , -2960 , -291 , -2408, -136 , -78   , -48  , 00:54:368000, 
Sensor1        , -2995 , -317 , -2394, -137 , -68   , -47  , 00:54:473000, 
Sensor1        , -2986 , -264 , -2394, -135 , -70   , -50  , 00:54:578000, 
Sensor1        , -2977 , -308 , -2420, -135 , -77   , -48  , 00:54:683000, 
Sensor1        , -2959 , -263 , -2428, -139 , -73   , -45  , 00:54:788000, 
Sensor1        , -2983 , -314 , -2418, -139 , -72   , -49  , 00:54:893000, 
Sensor1        , -2974 , -273 , -2393, -132 , -77   , -53  , 00:54:998000, 
Sensor1        , -2968 , -290 , -2413, -139 , -69   , -50  , 00:55:102000, 
Sensor1        , -2998 , -285 , -2473, -138 , -69   , -47  , 00:55:207000, 
Sensor1        , -2963 , -314 , -2413, -136 , -68   , -47  , 00:55:312000, 
Sensor1        , -2980 , -296 , -2393, -137 , -69   , -44  , 00:55:417000, 
Sensor1        , -2966 , -307 , -2433, -140 , -68   , -47  , 00:55:522000, 
Sensor1        , -2981 , -293 , -2430, -134 , -71   , -44  , 00:55:627000, 
Sensor1        , -2989 , -314 , -2388, -138 , -73   , -50  , 00:55:732000, 
Sensor1        , -2978 , -285 , -2427, -133 , -76   , -48  , 00:55:837000, 
Sensor1        , -2968 , -299 , -2453, -134 , -73   , -55  , 00:55:942000, 
Sensor1        , -2994 , -276 , -2413, -136 , -67   , -50  , 00:56:047000, 
Sensor1        , -2954 , -305 , -2395, -138 , -69   , -43  , 00:56:151000, 
Sensor1        , -2972 , -278 , -2437, -136 , -66   , -47  , 00:56:256000, 
Sensor1        , -2978 , -291 , -2420, -137 , -75   , -51  , 00:56:361000, 
Sensor1        , -2952 , -309 , -2432, -134 , -66   , -42  , 00:56:466000, 
Sensor1        , -2974 , -305 , -2431, -141 , -68   , -52  , 00:56:571000, 
Sensor1        , -2978 , -289 , -2434, -138 , -66   , -44  , 00:56:676000, 
Sensor1        , -3002 , -308 , -2439, -137 , -68   , -44  , 00:56:781000, 
Sensor1        , -2962 , -289 , -2375, -132 , -70   , -50  , 00:56:886000, 
Sensor1        , -3006 , -274 , -2400, -136 , -71   , -47  , 00:56:991000, 
Sensor1        , -2975 , -274 , -2442, -149 , -66   , -53  , 00:57:096000, 
Sensor1        , -2976 , -301 , -2412, -136 , -74   , -53  , 00:57:201000, 
Sensor1        , -2981 , -292 , -2398, -136 , -78   , -45  , 00:57:306000, 
Sensor1        , -2995 , -290 , -2408, -140 , -80   , -46  , 00:57:411000, 
Sensor1        , -2958 , -293 , -2428, -131 , -73   , -49  , 00:57:516000, 
Sensor1        , -2978 , -305 , -2433, -138 , -68   , -52  , 00:57:621000, 
Sensor1        , -2979 , -272 , -2370, -136 , -68   , -50  , 00:57:726000, 
Sensor1        , -2971 , -294 , -2403, -139 , -82   , -49  , 00:57:831000, 
Sensor1        , -2972 , -299 , -2402, -141 , -71   , -48  , 00:57:936000, 
Sensor1        , -2968 , -308 , -2433, -132 , -72   , -44  , 00:58:041000, 
Sensor1        , -2979 , -319 , -2427, -135 , -69   , -44  , 00:58:145000, 
Sensor1        , -2986 , -299 , -2417, -138 , -71   , -44  , 00:58:251000, 
Sensor1        , -3005 , -281 , -2397, -140 , -68   , -51  , 00:58:356000, 
Sensor1        , -2979 , -301 , -2406, -132 , -65   , -48  , 00:58:461000, 
Sensor1        , -2970 , -288 , -2438, -132 , -71   , -46  , 00:58:566000, 
Sensor1        , -2992 , -302 , -2455, -138 , -74   , -44  , 00:58:671000, 
Sensor1        , -2987 , -276 , -2420, -141 , -67   , -48  , 00:58:775000, 
Sensor1        , -2997 , -304 , -2427, -136 , -75   , -49  , 00:58:881000, 
Sensor1        , -2974 , -284 , -2434, -137 , -65   , -56  , 00:58:986000, 
Sensor1        , -2976 , -306 , -2371, -136 , -75   , -49  , 00:59:091000, 
Sensor1        , -2955 , -304 , -2440, -139 , -72   , -48  , 00:59:195000, 
Sensor1        , -2998 , -322 , -2430, -136 , -72   , -49  , 00:59:300000, 
Sensor1        , -2980 , -275 , -2408, -134 , -67   , -46  , 00:59:406000, 
Sensor1        , -3005 , -292 , -2375, -139 , -73   , -52  , 00:59:511000, 
Sensor1        , -2963 , -270 , -2404, -141 , -74   , -47  , 00:59:616000, 
Sensor1        , -2998 , -306 , -2358, -141 , -65   , -51  , 00:59:720000, 
Sensor1        , -2999 , -298 , -2411, -140 , -68   , -48  , 00:59:825000, 
Sensor1        , -2997 , -301 , -2416, -137 , -72   , -51  , 00:59:930000, 
Sensor1        , -2962 , -311 , -2419, -136 , -72   , -45  , 01:00:035000, 
Sensor1        , -2988 , -297 , -2420, -134 , -72   , -49  , 01:00:140000, 
Sensor1        , -2969 , -295 , -2423, -142 , -70   , -52  , 01:00:245000, 
Sensor1        , -2959 , -265 , -2399, -139 , -61   , -45  , 01:00:350000, 
Sensor1        , -2985 , -288 , -2442, -138 , -63   , -43  , 01:00:455000, 
Sensor1        , -2987 , -302 , -2453, -140 , -59   , -49  , 01:00:560000, 
Sensor1        , -2998 , -285 , -2439, -138 , -73   , -55  , 01:00:665000, 
Sensor1        , -2954 , -295 , -2412, -134 , -65   , -51  , 01:00:769000, 
Sensor1        , -2948 , -289 , -2429, -135 , -74   , -50  , 01:00:874000, 
Sensor1        , -2975 , -290 , -2402, -133 , -66   , -58  , 01:00:979000, 
Sensor1        , -2982 , -271 , -2451, -139 , -68   , -49  , 01:01:084000, 
Sensor1        , -2945 , -304 , -2391, -132 , -46   , -48  , 01:01:189000, 
Sensor1        , -2994 , -298 , -2442, -136 , -54   , -52  , 01:01:294000, 
Sensor1        , -2969 , -303 , -2405, -134 , -71   , -44  , 01:01:399000, 
Sensor1        , -3006 , -299 , -2454, -138 , -68   , -44  , 01:01:504000, 
Sensor1        , -2973 , -273 , -2401, -142 , -58   , -51  , 01:01:609000, 
Sensor1        , -2972 , -289 , -2422, -140 , -63   , -47  , 01:01:714000, 
Sensor1        , -2997 , -294 , -2414, -144 , -62   , -43  , 01:01:819000, 
Sensor1        , -2952 , -301 , -2432, -136 , -77   , -50  , 01:01:923000, 
Sensor1        , -2967 , -293 , -2449, -138 , -69   , -48  , 01:02:028000, 
Sensor1        , -3002 , -299 , -2422, -141 , -80   , -49  , 01:02:133000, 
Sensor1        , -2957 , -283 , -2434, -141 , -66   , -48  , 01:02:238000, 
Sensor1        , -2960 , -273 , -2448, -133 , -86   , -46  , 01:02:343000, 
Sensor1        , -2982 , -278 , -2371, -144 , -66   , -46  , 01:02:449000, 
Sensor1        , -2991 , -278 , -2379, -137 , -72   , -47  , 01:02:554000, 
Sensor1        , -3018 , -316 , -2444, -137 , -53   , -47  , 01:02:659000, 
Sensor1        , -2969 , -308 , -2376, -140 , -56   , -52  , 01:02:764000, 
Sensor1        , -2970 , -271 , -2384, -138 , -73   , -45  , 01:02:869000, 
Sensor1        , -2997 , -268 , -2414, -141 , -73   , -45  , 01:02:974000, 
Sensor1        , -2961 , -302 , -2397, -143 , -68   , -48  , 01:03:078000, 
Sensor1        , -2976 , -275 , -2446, -144 , -64   , -49  , 01:03:183000, 
Sensor1        , -2984 , -301 , -2435, -138 , -71   , -49  , 01:03:288000, 
Sensor1        , -2955 , -281 , -2405, -141 , -77   , -49  , 01:03:393000, 
Sensor1        , -2956 , -287 , -2379, -139 , -69   , -47  , 01:03:498000, 
Sensor1        , -2987 , -312 , -2401, -141 , -65   , -48  , 01:03:603000, 
Sensor1        , -2959 , -291 , -2455, -141 , -72   , -48  , 01:03:708000, 
Sensor1        , -2952 , -306 , -2415, -141 , -68   , -50  , 01:03:813000, 
Sensor1        , -2969 , -267 , -2413, -137 , -69   , -38  , 01:03:918000, 
Sensor1        , -2919 , -321 , -2401, -136 , -67   , -45  , 01:04:022000, 
Sensor1        , -2962 , -276 , -2403, -136 , -47   , -51  , 01:04:127000, 
Sensor1        , -2964 , -284 , -2450, -139 , -79   , -51  , 01:04:232000, 
Sensor1        , -2950 , -315 , -2413, -139 , -72   , -46  , 01:04:337000, 
Sensor1        , -2974 , -298 , -2461, -135 , -68   , -47  , 01:04:442000, 
Sensor1        , -2972 , -313 , -2449, -139 , -72   , -48  , 01:04:547000, 
Sensor1        , -2947 , -325 , -2405, -137 , -66   , -48  , 01:04:652000, 
Sensor1        , -3031 , -300 , -2423, -136 , -66   , -46  , 01:04:757000, 
Sensor1        , -2969 , -278 , -2383, -142 , -72   , -51  , 01:04:862000, 
Sensor1        , -2946 , -314 , -2401, -138 , -70   , -56  , 01:04:967000, 
Sensor1        , -2969 , -308 , -2447, -140 , -60   , -47  , 01:05:071000, 
Sensor1        , -2947 , -285 , -2428, -136 , -71   , -55  , 01:05:176000, 
Sensor1        , -2952 , -345 , -2384, -136 , -78   , -42  , 01:05:281000, 
Sensor1        , -2984 , -287 , -2443, -138 , -58   , -46  , 01:05:386000, 
Sensor1        , -2974 , -310 , -2413, -140 , -66   , -50  , 01:05:491000, 
Sensor1        , -2958 , -270 , -2421, -137 , -71   , -48  , 01:05:596000, 
Sensor1        , -2986 , -321 , -2478, -139 , -62   , -50  , 01:05:701000, 
Sensor1        , -2935 , -252 , -2437, -138 , -71   , -51  , 01:05:806000, 
Sensor1        , -2957 , -326 , -2400, -138 , -62   , -46  , 01:05:910000, 
Sensor1        , -2960 , -294 , -2415, -140 , -71   , -48  , 01:06:015000, 
Sensor1        , -2967 , -327 , -2372, -139 , -68   , -55  , 01:06:120000, 
Sensor1        , -2956 , -312 , -2423, -134 , -71   , -48  , 01:06:225000, 
Sensor1        , -2986 , -301 , -2470, -131 , -65   , -48  , 01:06:330000, 
Sensor1        , -2987 , -291 , -2413, -137 , -69   , -46  , 01:06:435000, 
Sensor1        , -2961 , -335 , -2445, -141 , -62   , -45  , 01:06:540000, 
Sensor1        , -2945 , -290 , -2407, -142 , -71   , -45  , 01:06:645000, 
Sensor1        , -2974 , -308 , -2418, -136 , -68   , -48  , 01:06:750000, 
Sensor1        , -2958 , -278 , -2452, -133 , -74   , -47  , 01:06:855000, 
Sensor1        , -2984 , -319 , -2463, -136 , -70   , -47  , 01:06:960000, 
Sensor1        , -2978 , -273 , -2453, -141 , -68   , -48  , 01:07:065000, 
Sensor1        , -3013 , -289 , -2466, -133 , -72   , -52  , 01:07:170000, 
Sensor1        , -2932 , -289 , -2420, -142 , -69   , -45  , 01:07:275000, 
Sensor1        , -2989 , -288 , -2450, -141 , -69   , -49  , 01:07:380000, 
Sensor1        , -2985 , -283 , -2451, -137 , -72   , -45  , 01:07:485000, 
Sensor1        , -3016 , -297 , -2448, -141 , -76   , -47  , 01:07:590000, 
Sensor1        , -2944 , -290 , -2417, -145 , -80   , -43  , 01:07:694000, 
Sensor1        , -2974 , -262 , -2428, -135 , -71   , -46  , 01:07:799000, 
Sensor1        , -2992 , -308 , -2448, -146 , -70   , -49  , 01:07:904000, 
Sensor1        , -2982 , -275 , -2382, -142 , -61   , -49  , 01:08:009000, 
Sensor1        , -2980 , -324 , -2392, -145 , -65   , -44  , 01:08:114000, 
Sensor1        , -2966 , -290 , -2404, -147 , -66   , -52  , 01:08:219000, 
Sensor1        , -2980 , -335 , -2430, -140 , -73   , -49  , 01:08:324000, 
Sensor1        , -2983 , -297 , -2415, -135 , -73   , -45  , 01:08:429000, 
Sensor1        , -2965 , -298 , -2403, -136 , -58   , -41  , 01:08:534000, 
Sensor1        , -2959 , -286 , -2422, -140 , -63   , -50  , 01:08:638000, 
Sensor1        , -2995 , -289 , -2394, -138 , -66   , -46  , 01:08:743000, 
Sensor1        , -2960 , -305 , -2426, -134 , -65   , -52  , 01:08:848000, 
Sensor1        , -2957 , -285 , -2444, -140 , -64   , -51  , 01:08:953000, 
Sensor1        , -2978 , -293 , -2439, -137 , -73   , -50  , 01:09:058000, 
Sensor1        , -2981 , -286 , -2428, -135 , -75   , -47  , 01:09:163000, 
Sensor1        , -2969 , -286 , -2413, -144 , -69   , -47  , 01:09:268000, 
Sensor1        , -2967 , -290 , -2407, -135 , -70   , -46  , 01:09:373000, 
Sensor1        , -2957 , -309 , -2411, -136 , -74   , -49  , 01:09:478000, 
Sensor1        , -2974 , -277 , -2399, -137 , -73   , -49  , 01:09:582000, 
Sensor1        , -2984 , -274 , -2413, -133 , -75   , -49  , 01:09:687000, 
Sensor1        , -2986 , -284 , -2425, -138 , -68   , -43  , 01:09:792000, 
Sensor1        , -2973 , -281 , -2425, -135 , -72   , -46  , 01:09:897000, 
Sensor1        , -2958 , -307 , -2420, -137 , -64   , -57  , 01:10:002000, 
Sensor1        , -2965 , -298 , -2431, -138 , -65   , -46  , 01:10:107000, 
Sensor1        , -2960 , -300 , -2443, -131 , -72   , -47  , 01:10:212000, 
Sensor1        , -2993 , -265 , -2414, -137 , -68   , -53  , 01:10:317000, 
Sensor1        , -2944 , -284 , -2401, -141 , -53   , -44  , 01:10:422000, 
Sensor1        , -2965 , -306 , -2361, -141 , -71   , -53  , 01:10:526000, 
Sensor1        , -2973 , -310 , -2458, -134 , -76   , -47  , 01:10:631000, 
Sensor1        , -2963 , -346 , -2422, -143 , -63   , -55  , 01:10:736000, 
Sensor1        , -2989 , -306 , -2461, -143 , -68   , -49  , 01:10:841000, 
Sensor1        , -2968 , -307 , -2412, -133 , -73   , -51  , 01:10:947000, 
Sensor1        , -2973 , -303 , -2455, -138 , -71   , -45  , 01:11:053000, 
Sensor1        , -2994 , -301 , -2400, -137 , -67   , -47  , 01:11:158000, 
Sensor1        , -2964 , -312 , -2404, -140 , -71   , -48  , 01:11:263000, 
Sensor1        , -2993 , -303 , -2410, -132 , -80   , -46  , 01:11:368000, 
Sensor1        , -2977 , -309 , -2396, -133 , -72   , -47  , 01:11:472000, 
Sensor1        , -2978 , -275 , -2438, -141 , -66   , -48  , 01:11:577000, 
Sensor1        , -2989 , -322 , -2433, -134 , -72   , -49  , 01:11:682000, 
Sensor1        , -2998 , -289 , -2427, -142 , -69   , -46  , 01:11:787000, 
Sensor1        , -2968 , -294 , -2452, -141 , -77   , -47  , 01:11:892000, 
Sensor1        , -2966 , -321 , -2415, -136 , -68   , -43  , 01:11:997000, 
Sensor1        , -2962 , -282 , -2412, -142 , -76   , -47  , 01:12:102000, 
Sensor1        , -2980 , -333 , -2439, -141 , -77   , -46  , 01:12:207000, 
Sensor1        , -2989 , -293 , -2411, -138 , -74   , -50  , 01:12:311000, 
Sensor1        , -2958 , -305 , -2387, -142 , -70   , -48  , 01:12:416000, 
Sensor1        , -2978 , -294 , -2417, -138 , -64   , -51  , 01:12:521000, 
Sensor1        , -2972 , -308 , -2430, -136 , -74   , -53  , 01:12:626000, 
Sensor1        , -2968 , -299 , -2414, -137 , -64   , -47  , 01:12:731000, 
Sensor1        , -2974 , -276 , -2421, -140 , -72   , -47  , 01:12:836000, 
Sensor1        , -2957 , -285 , -2452, -139 , -72   , -49  , 01:12:941000, 
Sensor1        , -2980 , -276 , -2432, -138 , -61   , -49  , 01:13:046000, 
Sensor1        , -2950 , -296 , -2441, -135 , -69   , -50  , 01:13:151000, 
Sensor1        , -2984 , -292 , -2457, -136 , -82   , -49  , 01:13:255000, 
Sensor1        , -2954 , -324 , -2446, -133 , -63   , -51  , 01:13:360000, 
Sensor1        , -2964 , -283 , -2428, -138 , -71   , -46  , 01:13:465000, 
Sensor1        , -2940 , -273 , -2411, -142 , -77   , -46  , 01:13:570000, 
Sensor1        , -2963 , -285 , -2438, -137 , -71   , -45  , 01:13:675000, 
Sensor1        , -2970 , -317 , -2401, -132 , -78   , -53  , 01:13:780000, 
Sensor1        , -2966 , -298 , -2388, -136 , -73   , -49  , 01:13:885000, 
Sensor1        , -2977 , -335 , -2398, -137 , -68   , -45  , 01:13:990000, 
Sensor1        , -2979 , -302 , -2452, -134 , -70   , -50  , 01:14:095000, 
Sensor1        , -2966 , -326 , -2385, -139 , -55   , -53  , 01:14:200000, 
Sensor1        , -2978 , -296 , -2433, -131 , -70   , -53  , 01:14:305000, 
Sensor1        , -2978 , -299 , -2425, -133 , -65   , -45  , 01:14:410000, 
Sensor1        , -2987 , -290 , -2419, -137 , -81   , -47  , 01:14:515000, 
Sensor1        , -2969 , -306 , -2422, -141 , -69   , -51  , 01:14:619000, 
Sensor1        , -2971 , -306 , -2425, -136 , -72   , -46  , 01:14:724000, 
Sensor1        , -2967 , -280 , -2413, -142 , -72   , -48  , 01:14:830000, 
Sensor1        , -2968 , -311 , -2398, -141 , -75   , -49  , 01:14:935000, 
Sensor1        , -2985 , -323 , -2431, -138 , -74   , -48  , 01:15:040000, 
Sensor1        , -2956 , -301 , -2408, -142 , -60   , -51  , 01:15:145000, 
Sensor1        , -2972 , -280 , -2447, -141 , -61   , -50  , 01:15:251000, 
Sensor1        , -2968 , -296 , -2438, -143 , -67   , -55  , 01:15:356000, 
Sensor1        , -2980 , -296 , -2395, -137 , -69   , -48  , 01:15:461000, 
Sensor1        , -2993 , -320 , -2440, -138 , -74   , -45  , 01:15:566000, 
Sensor1        , -2979 , -310 , -2418, -138 , -73   , -49  , 01:15:671000, 
Sensor1        , -2958 , -287 , -2420, -139 , -79   , -43  , 01:15:776000, 
Sensor1        , -2973 , -302 , -2431, -134 , -68   , -48  , 01:15:880000, 
Sensor1        , -2961 , -291 , -2441, -143 , -68   , -47  , 01:15:985000, 
Sensor1        , -2975 , -300 , -2414, -138 , -70   , -47  , 01:16:090000, 
Sensor1        , -2959 , -286 , -2396, -143 , -55   , -40  , 01:16:195000, 
Sensor1        , -2969 , -302 , -2432, -144 , -61   , -43  , 01:16:300000, 
Sensor1        , -2945 , -310 , -2388, -145 , -62   , -51  , 01:16:405000, 
Sensor1        , -2973 , -269 , -2442, -138 , -67   , -55  , 01:16:510000, 
Sensor1        , -2993 , -301 , -2420, -133 , -69   , -47  , 01:16:615000, 
Sensor1        , -2972 , -272 , -2410, -136 , -69   , -53  , 01:16:719000, 
Sensor1        , -2973 , -316 , -2427, -132 , -74   , -41  , 01:16:824000, 
Sensor1        , -2951 , -288 , -2415, -137 , -73   , -47  , 01:16:930000, 
Sensor1        , -2975 , -295 , -2473, -142 , -69   , -47  , 01:17:035000, 
Sensor1        , -2977 , -295 , -2459, -135 , -72   , -46  , 01:17:139000, 
Sensor1        , -2964 , -315 , -2431, -142 , -64   , -48  , 01:17:244000, 
Sensor1        , -2959 , -285 , -2357, -136 , -75   , -45  , 01:17:349000, 
Sensor1        , -2989 , -300 , -2413, -133 , -69   , -45  , 01:17:454000, 
Sensor1        , -2955 , -276 , -2411, -137 , -76   , -43  , 01:17:559000, 
Sensor1        , -2981 , -292 , -2449, -138 , -77   , -44  , 01:17:664000, 
Sensor1        , -2984 , -282 , -2423, -132 , -73   , -47  , 01:17:769000, 
Sensor1        , -2986 , -292 , -2477, -137 , -78   , -46  , 01:17:873000, 
Sensor1        , -2938 , -270 , -2435, -140 , -73   , -51  , 01:17:978000, 
Sensor1        , -2982 , -319 , -2413, -136 , -76   , -49  , 01:18:083000, 
Sensor1        , -2946 , -256 , -2382, -133 , -71   , -51  , 01:18:188000, 
Sensor1        , -2980 , -340 , -2411, -134 , -74   , -46  , 01:18:292000, 
Sensor1        , -2949 , -300 , -2433, -146 , -78   , -46  , 01:18:397000, 
Sensor1        , -3001 , -271 , -2419, -131 , -69   , -42  , 01:18:502000, 
Sensor1        , -2975 , -302 , -2429, -142 , -75   , -53  , 01:18:607000, 
Sensor1        , -2983 , -278 , -2410, -139 , -75   , -44  , 01:18:712000, 
Sensor1        , -2961 , -289 , -2422, -136 , -71   , -44  , 01:18:817000, 
Sensor1        , -2989 , -287 , -2443, -136 , -68   , -52  , 01:18:922000, 
Sensor1        , -2982 , -296 , -2379, -134 , -67   , -38  , 01:19:027000, 
Sensor1        , -2986 , -302 , -2420, -135 , -64   , -54  , 01:19:132000, 
Sensor1        , -2939 , -280 , -2388, -132 , -72   , -42  , 01:19:236000, 
Sensor1        , -2964 , -299 , -2440, -137 , -75   , -37  , 01:19:341000, 
Sensor1        , -2980 , -293 , -2424, -140 , -71   , -48  , 01:19:448000, 
Sensor1        , -2959 , -309 , -2425, -132 , -68   , -49  , 01:19:552000, 
Sensor1        , -2996 , -297 , -2418, -132 , -79   , -50  , 01:19:657000, 
Sensor1        , -2978 , -317 , -2430, -136 , -69   , -41  , 01:19:762000, 
Sensor1        , -3000 , -297 , -2395, -135 , -65   , -44  , 01:19:867000, 
Sensor1        , -2995 , -322 , -2415, -140 , -70   , -56  , 01:19:972000, 
Sensor1        , -2974 , -292 , -2398, -141 , -67   , -48  , 01:20:077000, 
Sensor1        , -2959 , -305 , -2384, -134 , -69   , -51  , 01:20:182000, 
Sensor1        , -2976 , -284 , -2439, -138 , -64   , -52  , 01:20:287000, 
Sensor1        , -2990 , -303 , -2422, -143 , -72   , -47  , 01:20:392000, 
Sensor1        , -2965 , -296 , -2407, -135 , -74   , -49  , 01:20:497000, 
Sensor1        , -2949 , -316 , -2410, -139 , -66   , -49  , 01:20:601000, 
Sensor1        , -2967 , -304 , -2377, -141 , -75   , -49  , 01:20:706000, 
Sensor1        , -2987 , -283 , -2361, -138 , -72   , -50  , 01:20:811000, 
Sensor1        , -2962 , -303 , -2402, -133 , -79   , -49  , 01:20:916000, 
Sensor1        , -2985 , -316 , -2420, -136 , -77   , -50  , 01:21:021000, 
Sensor1        , -2993 , -313 , -2418, -137 , -68   , -46  , 01:21:126000, 
Sensor1        , -2966 , -317 , -2398, -136 , -62   , -44  , 01:21:231000, 
Sensor1        , -2972 , -327 , -2458, -138 , -69   , -45  , 01:21:336000, 
Sensor1        , -2968 , -294 , -2416, -143 , -72   , -49  , 01:21:441000, 
Sensor1        , -2981 , -299 , -2418, -139 , -66   , -50  , 01:21:545000, 
Sensor1        , -3015 , -299 , -2436, -141 , -71   , -56  , 01:21:650000, 
Sensor1        , -2979 , -282 , -2422, -131 , -70   , -50  , 01:21:755000, 
Sensor1        , -3000 , -316 , -2422, -139 , -64   , -51  , 01:21:860000, 
Sensor1        , -2978 , -283 , -2421, -141 , -79   , -46  , 01:21:965000, 
Sensor1        , -2979 , -306 , -2424, -140 , -63   , -50  , 01:22:070000, 
Sensor1        , -2958 , -289 , -2423, -138 , -67   , -48  , 01:22:175000, 
Sensor1        , -2995 , -279 , -2435, -136 , -68   , -48  , 01:22:280000, 
Sensor1        , -2977 , -285 , -2413, -142 , -72   , -50  , 01:22:385000, 
Sensor1        , -2955 , -318 , -2438, -136 , -73   , -46  , 01:22:490000, 
Sensor1        , -2981 , -308 , -2427, -135 , -67   , -43  , 01:22:594000, 
Sensor1        , -2967 , -306 , -2410, -138 , -66   , -51  , 01:22:699000, 
Sensor1        , -2985 , -291 , -2452, -134 , -72   , -54  , 01:22:804000, 
Sensor1        , -2971 , -299 , -2421, -131 , -72   , -49  , 01:22:909000, 
Sensor1        , -2982 , -316 , -2432, -140 , -77   , -55  , 01:23:014000, 
Sensor1        , -2967 , -282 , -2429, -133 , -67   , -52  , 01:23:119000, 
Sensor1        , -2946 , -293 , -2430, -139 , -72   , -51  , 01:23:224000, 
Sensor1        , -2954 , -289 , -2445, -134 , -69   , -52  , 01:23:329000, 
Sensor1        , -2980 , -299 , -2381, -136 , -73   , -51  , 01:23:434000, 
Sensor1        , -2953 , -309 , -2404, -143 , -60   , -51  , 01:23:539000, 
Sensor1        , -2975 , -282 , -2455, -135 , -70   , -40  , 01:23:643000, 
Sensor1        , -2956 , -272 , -2418, -143 , -72   , -44  , 01:23:749000, 
Sensor1        , -2963 , -299 , -2420, -134 , -66   , -45  , 01:23:854000, 
Sensor1        , -2953 , -297 , -2451, -136 , -78   , -52  , 01:23:959000, 
Sensor1        , -2930 , -282 , -2399, -140 , -57   , -47  , 01:24:064000, 
Sensor1        , -2968 , -290 , -2422, -139 , -71   , -48  , 01:24:169000, 
Sensor1        , -2974 , -310 , -2396, -137 , -75   , -51  , 01:24:274000, 
Sensor1        , -2974 , -300 , -2429, -134 , -74   , -48  , 01:24:379000, 
Sensor1        , -2968 , -298 , -2425, -136 , -71   , -49  , 01:24:484000, 
Sensor1        , -2987 , -280 , -2423, -139 , -63   , -51  , 01:24:589000, 
Sensor1        , -2944 , -307 , -2424, -137 , -66   , -48  , 01:24:694000, 
Sensor1        , -2979 , -313 , -2424, -131 , -69   , -49  , 01:24:799000, 
Sensor1        , -2989 , -287 , -2440, -136 , -67   , -48  , 01:24:904000, 
Sensor1        , -2971 , -290 , -2419, -140 , -72   , -50  , 01:25:009000, 
Sensor1        , -2971 , -280 , -2393, -141 , -63   , -47  , 01:25:113000, 
Sensor1        , -2979 , -278 , -2410, -142 , -68   , -46  , 01:25:218000, 
Sensor1        , -2995 , -296 , -2403, -137 , -69   , -49  , 01:25:323000, 
Sensor1        , -2972 , -309 , -2429, -139 , -66   , -47  , 01:25:428000, 
Sensor1        , -2982 , -271 , -2403, -145 , -68   , -49  , 01:25:533000, 
Sensor1        , -2955 , -292 , -2415, -138 , -75   , -47  , 01:25:638000, 
Sensor1        , -2962 , -319 , -2432, -138 , -71   , -44  , 01:25:743000, 
Sensor1        , -2979 , -268 , -2451, -134 , -69   , -51  , 01:25:848000, 
Sensor1        , -2982 , -299 , -2400, -138 , -72   , -54  , 01:25:953000, 
Sensor1        , -2899 , -250 , -2307, -133 , -61   , -51  , 01:26:058000, 
Sensor1        , -3043 , -277 , -2521, -140 , -57   , -51  , 01:26:163000, 
Sensor1        , -2958 , -324 , -2392, -137 , -72   , -55  , 01:26:267000, 
Sensor1        , -2995 , -288 , -2423, -137 , -60   , -51  , 01:26:372000, 
Sensor1        , -2970 , -326 , -2416, -137 , -73   , -52  , 01:26:477000, 
Sensor1        , -2969 , -293 , -2439, -132 , -68   , -50  , 01:26:582000, 
Sensor1        , -2989 , -291 , -2429, -134 , -70   , -48  , 01:26:687000, 
Sensor1        , -2929 , -290 , -2376, -138 , -73   , -48  , 01:26:792000, 
Sensor1        , -2958 , -304 , -2465, -139 , -72   , -46  , 01:26:896000, 
Sensor1        , -3004 , -306 , -2454, -142 , -71   , -49  , 01:27:001000, 
Sensor1        , -2990 , -278 , -2429, -139 , -62   , -46  , 01:27:106000, 
Sensor1        , -2996 , -282 , -2463, -137 , -74   , -55  , 01:27:210000, 
Sensor1        , -2979 , -315 , -2415, -143 , -66   , -51  , 01:27:315000, 
Sensor1        , -2974 , -304 , -2391, -140 , -69   , -42  , 01:27:420000, 
Sensor1        , -2991 , -326 , -2445, -137 , -77   , -46  , 01:27:525000, 
Sensor1        , -2960 , -271 , -2401, -135 , -79   , -47  , 01:27:630000, 
Sensor1        , -2972 , -305 , -2393, -135 , -90   , -43  , 01:27:735000, 
Sensor1        , -2963 , -287 , -2351, -143 , -74   , -47  , 01:27:840000, 
Sensor1        , -2928 , -271 , -2342, -142 , -77   , -50  , 01:27:946000, 
Sensor1        , -2971 , -311 , -2434, -143 , -46   , -38  , 01:28:051000, 
Sensor1        , -2988 , -271 , -2381, -146 , -51   , -49  , 01:28:156000, 
Sensor1        , -2993 , -287 , -2373, -141 , -66   , -52  , 01:28:261000, 
Sensor1        , -2957 , -288 , -2430, -139 , -64   , -51  , 01:28:365000, 
Sensor1        , -2974 , -290 , -2403, -141 , -71   , -44  , 01:28:470000, 
Sensor1        , -2982 , -284 , -2421, -140 , -65   , -45  , 01:28:575000, 
Sensor1        , -2977 , -306 , -2418, -131 , -65   , -45  , 01:28:680000, 
Sensor1        , -2981 , -283 , -2443, -133 , -72   , -41  , 01:28:785000, 
Sensor1        , -2971 , -300 , -2413, -142 , -70   , -53  , 01:28:890000, 
Sensor1        , -2975 , -302 , -2430, -141 , -71   , -50  , 01:28:995000, 
Sensor1        , -2976 , -312 , -2445, -134 , -71   , -47  , 01:29:100000, 
Sensor1        , -2977 , -299 , -2384, -143 , -67   , -48  , 01:29:205000, 
Sensor1        , -2952 , -295 , -2416, -139 , -67   , -46  , 01:29:310000, 
Sensor1        , -2994 , -296 , -2431, -142 , -65   , -47  , 01:29:414000, 
Sensor1        , -2995 , -283 , -2423, -141 , -78   , -41  , 01:29:519000, 
Sensor1        , -3004 , -306 , -2418, -146 , -70   , -46  , 01:29:624000, 
Sensor1        , -2995 , -279 , -2421, -140 , -63   , -48  , 01:29:729000, 
Sensor1        , -2943 , -287 , -2419, -139 , -73   , -51  , 01:29:834000, 
Sensor1        , -2982 , -312 , -2436, -139 , -66   , -45  , 01:29:939000, 
Sensor1        , -2965 , -302 , -2394, -140 , -76   , -50  , 01:30:044000, 
Sensor1        , -2956 , -292 , -2399, -139 , -73   , -48  , 01:30:149000, 
Sensor1        , -2972 , -303 , -2370, -137 , -70   , -49  , 01:30:254000, 
Sensor1        , -2983 , -272 , -2397, -142 , -66   , -52  , 01:30:359000, 
Sensor1        , -2967 , -314 , -2420, -138 , -71   , -55  , 01:30:463000, 
Sensor1        , -2995 , -317 , -2412, -138 , -67   , -52  , 01:30:568000, 
Sensor1        , -2993 , -315 , -2424, -132 , -70   , -54  , 01:30:673000, 
Sensor1        , -2961 , -310 , -2418, -134 , -72   , -50  , 01:30:778000, 
Sensor1        , -2984 , -313 , -2391, -141 , -67   , -48  , 01:30:883000, 
Sensor1        , -2982 , -284 , -2394, -140 , -70   , -42  , 01:30:988000, 
Sensor1        , -2981 , -306 , -2403, -133 , -73   , -43  , 01:31:093000, 
Sensor1        , -2978 , -300 , -2428, -141 , -68   , -51  , 01:31:198000, 
Sensor1        , -2998 , -304 , -2410, -135 , -73   , -46  , 01:31:303000, 
Sensor1        , -2979 , -296 , -2413, -140 , -75   , -48  , 01:31:408000, 
Sensor1        , -2957 , -272 , -2419, -138 , -72   , -48  , 01:31:512000, 
Sensor1        , -2964 , -311 , -2375, -138 , -75   , -53  , 01:31:617000, 
Sensor1        , -2986 , -275 , -2409, -145 , -69   , -52  , 01:31:722000, 
Sensor1        , -2956 , -305 , -2449, -135 , -63   , -46  , 01:31:827000, 
Sensor1        , -2945 , -283 , -2416, -140 , -65   , -48  , 01:31:932000, 
Sensor1        , -2977 , -289 , -2417, -137 , -74   , -52  , 01:32:037000, 
Sensor1        , -3004 , -311 , -2426, -142 , -69   , -48  , 01:32:142000, 
Sensor1        , -2966 , -273 , -2415, -141 , -73   , -42  , 01:32:247000, 
Sensor1        , -2973 , -280 , -2429, -137 , -71   , -47  , 01:32:352000, 
Sensor1        , -2977 , -296 , -2405, -139 , -67   , -46  , 01:32:457000, 
Sensor1        , -2969 , -292 , -2426, -133 , -78   , -48  , 01:32:562000, 
Sensor1        , -2980 , -271 , -2444, -140 , -78   , -55  , 01:32:667000, 
Sensor1        , -2984 , -317 , -2446, -140 , -73   , -42  , 01:32:772000, 
Sensor1        , -2981 , -276 , -2446, -139 , -64   , -54  , 01:32:877000, 
Sensor1        , -2991 , -308 , -2434, -140 , -64   , -40  , 01:32:982000, 
Sensor1        , -2970 , -320 , -2391, -136 , -70   , -45  , 01:33:087000, 
Sensor1        , -2971 , -303 , -2387, -134 , -69   , -46  , 01:33:192000, 
Sensor1        , -3018 , -301 , -2441, -136 , -65   , -43  , 01:33:297000, 
Sensor1        , -2959 , -323 , -2446, -137 , -74   , -51  , 01:33:401000, 
Sensor1        , -2976 , -296 , -2386, -136 , -65   , -48  , 01:33:506000, 
Sensor1        , -2988 , -294 , -2400, -139 , -72   , -46  , 01:33:611000, 
Sensor1        , -2963 , -308 , -2395, -139 , -70   , -42  , 01:33:716000, 
Sensor1        , -2941 , -322 , -2368, -142 , -69   , -47  , 01:33:821000, 
Sensor1        , -2984 , -288 , -2438, -133 , -68   , -47  , 01:33:926000, 
Sensor1        , -2998 , -276 , -2368, -134 , -71   , -49  , 01:34:031000, 
Sensor1        , -3006 , -294 , -2388, -143 , -69   , -52  , 01:34:136000, 
Sensor1        , -2971 , -321 , -2409, -140 , -76   , -50  , 01:34:241000, 
Sensor1        , -2975 , -289 , -2422, -139 , -76   , -47  , 01:34:346000, 
Sensor1        , -2991 , -293 , -2386, -139 , -74   , -53  , 01:34:450000, 
Sensor1        , -2956 , -294 , -2449, -137 , -65   , -49  , 01:34:555000, 
Sensor1        , -2972 , -293 , -2412, -135 , -70   , -43  , 01:34:660000, 
Sensor1        , -2971 , -290 , -2424, -135 , -74   , -51  , 01:34:765000, 
Sensor1        , -2980 , -293 , -2392, -138 , -62   , -50  , 01:34:870000, 
Sensor1        , -2948 , -258 , -2433, -139 , -72   , -39  , 01:34:975000, 
Sensor1        , -3004 , -290 , -2462, -136 , -71   , -48  , 01:35:080000, 
Sensor1        , -2982 , -308 , -2443, -140 , -70   , -49  , 01:35:185000, 
Sensor1        , -2976 , -313 , -2383, -142 , -69   , -51  , 01:35:290000, 
Sensor1        , -2969 , -262 , -2403, -136 , -67   , -47  , 01:35:395000, 
Sensor1        , -2953 , -300 , -2398, -138 , -71   , -46  , 01:35:499000, 
Sensor1        , -2976 , -296 , -2435, -130 , -69   , -47  , 01:35:604000, 
Sensor1        , -2981 , -291 , -2412, -140 , -67   , -43  , 01:35:709000, 
Sensor1        , -2998 , -286 , -2401, -141 , -70   , -52  , 01:35:814000, 
Sensor1        , -2998 , -309 , -2407, -139 , -71   , -46  , 01:35:919000, 
Sensor1        , -2980 , -301 , -2441, -136 , -67   , -47  , 01:36:024000, 
Sensor1        , -2974 , -267 , -2409, -140 , -76   , -52  , 01:36:129000, 
Sensor1        , -2982 , -316 , -2380, -137 , -73   , -51  , 01:36:234000, 
Sensor1        , -2995 , -307 , -2442, -139 , -67   , -50  , 01:36:339000, 
Sensor1        , -2979 , -311 , -2400, -136 , -67   , -49  , 01:36:443000, 
Sensor1        , -2976 , -273 , -2411, -144 , -70   , -48  , 01:36:549000, 
Sensor1        , -2989 , -272 , -2382, -138 , -71   , -50  , 01:36:654000, 
Sensor1        , -2990 , -300 , -2424, -137 , -71   , -55  , 01:36:759000, 
Sensor1        , -2984 , -325 , -2388, -136 , -72   , -48  , 01:36:864000, 
Sensor1        , -2985 , -286 , -2427, -134 , -78   , -55  , 01:36:969000, 
Sensor1        , -2963 , -298 , -2411, -144 , -70   , -53  , 01:37:074000, 
Sensor1        , -2979 , -288 , -2419, -144 , -74   , -44  , 01:37:179000, 
Sensor1        , -2966 , -295 , -2433, -139 , -66   , -46  , 01:37:284000, 
Sensor1        , -2987 , -292 , -2365, -133 , -70   , -44  , 01:37:389000, 
Sensor1        , -3000 , -312 , -2429, -142 , -75   , -45  , 01:37:493000, 
Sensor1        , -2990 , -303 , -2415, -133 , -72   , -50  , 01:37:598000, 
Sensor1        , -2979 , -285 , -2376, -142 , -72   , -53  , 01:37:703000, 
Sensor1        , -3002 , -291 , -2439, -136 , -70   , -49  , 01:37:808000, 
Sensor1        , -2981 , -272 , -2404, -136 , -72   , -46  , 01:37:913000, 
Sensor1        , -2964 , -316 , -2386, -138 , -67   , -49  , 01:38:018000, 
Sensor1        , -2992 , -285 , -2379, -139 , -73   , -49  , 01:38:123000, 
Sensor1        , -2982 , -290 , -2412, -141 , -73   , -42  , 01:38:228000, 
Sensor1        , -2976 , -292 , -2404, -138 , -71   , -52  , 01:38:332000, 
Sensor1        , -2987 , -319 , -2376, -143 , -72   , -49  , 01:38:437000, 
Sensor1        , -3009 , -316 , -2439, -143 , -71   , -48  , 01:38:542000, 
Sensor1        , -2965 , -295 , -2427, -135 , -65   , -46  , 01:38:647000, 
Sensor1        , -2977 , -290 , -2425, -142 , -70   , -48  , 01:38:752000, 
Sensor1        , -2985 , -278 , -2396, -142 , -71   , -49  , 01:38:857000, 
Sensor1        , -2961 , -306 , -2423, -141 , -67   , -51  , 01:38:962000, 
Sensor1        , -2958 , -317 , -2430, -140 , -69   , -49  , 01:39:067000, 
Sensor1        , -2972 , -286 , -2439, -139 , -66   , -49  , 01:39:172000, 
Sensor1        , -2931 , -288 , -2412, -137 , -64   , -50  , 01:39:277000, 
Sensor1        , -2958 , -291 , -2415, -143 , -73   , -51  , 01:39:382000, 
Sensor1        , -3010 , -292 , -2428, -134 , -68   , -43  , 01:39:486000, 
Sensor1        , -2975 , -295 , -2344, -145 , -68   , -49  , 01:39:591000, 
Sensor1        , -2964 , -279 , -2393, -141 , -69   , -50  , 01:39:696000, 
Sensor1        , -3014 , -307 , -2408, -143 , -71   , -49  , 01:39:801000, 
Sensor1        , -2963 , -287 , -2401, -141 , -62   , -48  , 01:39:906000, 
Sensor1        , -2977 , -324 , -2429, -139 , -71   , -45  , 01:40:011000, 
Sensor1        , -2972 , -305 , -2362, -138 , -66   , -51  , 01:40:116000, 
Sensor1        , -2964 , -286 , -2419, -138 , -75   , -42  , 01:40:221000, 
Sensor1        , -2991 , -283 , -2412, -136 , -66   , -46  , 01:40:326000, 
Sensor1        , -2984 , -299 , -2424, -135 , -75   , -45  , 01:40:431000, 
Sensor1        , -2978 , -298 , -2419, -138 , -69   , -43  , 01:40:535000, 
Sensor1        , -2995 , -300 , -2424, -138 , -67   , -54  , 01:40:640000, 
Sensor1        , -2971 , -303 , -2421, -136 , -70   , -47  , 01:40:746000, 
Sensor1        , -3008 , -308 , -2424, -143 , -66   , -53  , 01:40:851000, 
Sensor1        , -2965 , -312 , -2405, -135 , -69   , -48  , 01:40:956000, 
Sensor1        , -2984 , -292 , -2434, -136 , -77   , -48  , 01:41:061000, 
Sensor1        , -2988 , -290 , -2387, -141 , -75   , -51  , 01:41:166000, 
Sensor1        , -2960 , -292 , -2432, -141 , -62   , -52  , 01:41:270000, 
Sensor1        , -2990 , -308 , -2414, -129 , -76   , -48  , 01:41:375000, 
Sensor1        , -2987 , -285 , -2372, -142 , -75   , -52  , 01:41:480000, 
Sensor1        , -3009 , -303 , -2393, -136 , -69   , -55  , 01:41:585000, 
Sensor1        , -2966 , -277 , -2430, -138 , -68   , -53  , 01:41:690000, 
Sensor1        , -2965 , -305 , -2424, -140 , -68   , -48  , 01:41:795000, 
Sensor1        , -2993 , -297 , -2415, -140 , -68   , -45  , 01:41:900000, 
Sensor1        , -2995 , -272 , -2404, -142 , -70   , -53  , 01:42:005000, 
Sensor1        , -2999 , -315 , -2401, -136 , -73   , -50  , 01:42:110000, 
Sensor1        , -2991 , -285 , -2422, -141 , -74   , -42  , 01:42:214000, 
Sensor1        , -2972 , -301 , -2414, -140 , -79   , -43  , 01:42:319000, 
Sensor1        , -2979 , -278 , -2425, -137 , -72   , -46  , 01:42:424000, 
Sensor1        , -2992 , -302 , -2415, -138 , -72   , -44  , 01:42:529000, 
Sensor1        , -2984 , -275 , -2449, -141 , -68   , -54  , 01:42:634000, 
Sensor1        , -2976 , -299 , -2455, -136 , -70   , -45  , 01:42:739000, 
Sensor1        , -2979 , -273 , -2458, -137 , -65   , -50  , 01:42:844000, 
Sensor1        , -2992 , -297 , -2441, -139 , -70   , -51  , 01:42:949000, 
Sensor1        , -2987 , -321 , -2402, -134 , -70   , -51  , 01:43:053000, 
Sensor1        , -2978 , -324 , -2395, -131 , -67   , -40  , 01:43:158000, 
Sensor1        , -2979 , -265 , -2422, -140 , -70   , -42  , 01:43:263000, 
Sensor1        , -2984 , -270 , -2419, -132 , -65   , -46  , 01:43:368000, 
Sensor1        , -2971 , -289 , -2396, -145 , -69   , -51  , 01:43:473000, 
Sensor1        , -2960 , -292 , -2417, -138 , -63   , -53  , 01:43:578000, 
Sensor1        , -2972 , -289 , -2401, -141 , -79   , -46  , 01:43:683000, 
Sensor1        , -2998 , -318 , -2416, -137 , -69   , -46  , 01:43:788000, 
Sensor1        , -2992 , -274 , -2426, -141 , -69   , -47  , 01:43:893000, 
Sensor1        , -2968 , -271 , -2388, -139 , -68   , -49  , 01:43:997000, 
Sensor1        , -2953 , -268 , -2391, -139 , -74   , -48  , 01:44:102000, 
Sensor1        , -2970 , -293 , -2428, -139 , -66   , -48  , 01:44:207000, 
Sensor1        , -2973 , -297 , -2433, -135 , -68   , -47  , 01:44:312000, 
Sensor1        , -2969 , -277 , -2427, -140 , -71   , -48  , 01:44:417000, 
Sensor1        , -2981 , -278 , -2412, -138 , -77   , -48  , 01:44:522000, 
Sensor1        , -2982 , -289 , -2415, -138 , -76   , -48  , 01:44:627000, 
Sensor1        , -3002 , -297 , -2405, -140 , -70   , -49  , 01:44:732000, 
Sensor1        , -2994 , -287 , -2394, -137 , -70   , -42  , 01:44:837000, 
Sensor1        , -2990 , -281 , -2421, -133 , -74   , -48  , 01:44:942000, 
Sensor1        , -2988 , -318 , -2410, -138 , -69   , -51  , 01:45:047000, 
Sensor1        , -2976 , -314 , -2373, -139 , -66   , -42  , 01:45:152000, 
Sensor1        , -2996 , -291 , -2399, -134 , -63   , -42  , 01:45:257000, 
Sensor1        , -3003 , -321 , -2397, -143 , -74   , -52  , 01:45:362000, 
Sensor1        , -2976 , -277 , -2434, -140 , -73   , -52  , 01:45:467000, 
Sensor1        , -2971 , -305 , -2396, -133 , -71   , -46  , 01:45:572000, 
Sensor1        , -2987 , -292 , -2447, -142 , -71   , -56  , 01:45:677000, 
Sensor1        , -2964 , -308 , -2413, -139 , -69   , -44  , 01:45:782000, 
Sensor1        , -3011 , -286 , -2476, -138 , -65   , -49  , 01:45:887000, 
Sensor1        , -2966 , -296 , -2377, -134 , -72   , -48  , 01:45:991000, 
Sensor1        , -2976 , -296 , -2407, -138 , -74   , -50  , 01:46:096000, 
Sensor1        , -2992 , -294 , -2433, -132 , -72   , -49  , 01:46:201000, 
Sensor1        , -2991 , -296 , -2413, -139 , -79   , -50  , 01:46:306000, 
Sensor1        , -2969 , -289 , -2429, -135 , -71   , -48  , 01:46:411000, 
Sensor1        , -2985 , -313 , -2408, -137 , -63   , -48  , 01:46:516000, 
Sensor1        , -2975 , -290 , -2433, -140 , -74   , -48  , 01:46:621000, 
Sensor1        , -2980 , -317 , -2434, -138 , -67   , -48  , 01:46:726000, 
Sensor1        , -2962 , -269 , -2392, -137 , -69   , -48  , 01:46:831000, 
Sensor1        , -2986 , -304 , -2463, -130 , -75   , -49  , 01:46:935000, 
Sensor1        , -2986 , -289 , -2421, -141 , -67   , -48  , 01:47:040000, 
Sensor1        , -2970 , -315 , -2425, -142 , -71   , -52  , 01:47:145000, 
Sensor1        , -2977 , -293 , -2403, -137 , -67   , -48  , 01:47:250000, 
Sensor1        , -2976 , -286 , -2414, -139 , -72   , -54  , 01:47:355000, 
Sensor1        , -2969 , -299 , -2412, -140 , -64   , -48  , 01:47:460000, 
Sensor1        , -2978 , -293 , -2430, -138 , -69   , -52  , 01:47:565000, 
Sensor1        , -2971 , -292 , -2432, -136 , -79   , -42  , 01:47:669000, 
Sensor1        , -2968 , -281 , -2425, -135 , -66   , -45  , 01:47:774000, 
Sensor1        , -2976 , -298 , -2416, -144 , -66   , -55  , 01:47:879000, 
Sensor1        , -2997 , -302 , -2402, -135 , -64   , -48  , 01:47:984000, 
Sensor1        , -2976 , -305 , -2408, -137 , -69   , -50  , 01:48:088000, 
Sensor1        , -2985 , -293 , -2427, -139 , -71   , -42  , 01:48:193000, 
Sensor1        , -2969 , -291 , -2442, -139 , -78   , -45  , 01:48:298000, 
Sensor1        , -2969 , -275 , -2447, -139 , -71   , -47  , 01:48:403000, 
Sensor1        , -2976 , -327 , -2407, -136 , -75   , -44  , 01:48:508000, 
Sensor1        , -2962 , -290 , -2399, -141 , -67   , -42  , 01:48:613000, 
Sensor1        , -2992 , -307 , -2439, -140 , -74   , -48  , 01:48:718000, 
Sensor1        , -2980 , -303 , -2402, -137 , -68   , -54  , 01:48:822000, 
Sensor1        , -2980 , -322 , -2408, -137 , -74   , -48  , 01:48:927000, 
Sensor1        , -2994 , -312 , -2396, -132 , -66   , -50  , 01:49:032000, 
Sensor1        , -2970 , -288 , -2420, -136 , -68   , -49  , 01:49:137000, 
Sensor1        , -2960 , -287 , -2449, -133 , -67   , -45  , 01:49:242000, 
Sensor1        , -2980 , -299 , -2447, -138 , -69   , -49  , 01:49:348000, 
Sensor1        , -2995 , -269 , -2440, -135 , -71   , -48  , 01:49:453000, 
Sensor1        , -2958 , -312 , -2415, -141 , -71   , -44  , 01:49:557000, 
Sensor1        , -2978 , -284 , -2393, -142 , -67   , -51  , 01:49:663000, 
Sensor1        , -2960 , -287 , -2376, -138 , -75   , -51  , 01:49:768000, 
Sensor1        , -2972 , -296 , -2419, -142 , -73   , -43  , 01:49:873000, 
Sensor1        , -2976 , -326 , -2403, -142 , -72   , -48  , 01:49:978000, 
Sensor1        , -2978 , -301 , -2420, -137 , -80   , -43  , 01:50:083000, 
Sensor1        , -2954 , -302 , -2420, -135 , -67   , -48  , 01:50:188000, 
Sensor1        , -2967 , -282 , -2412, -143 , -67   , -46  , 01:50:292000, 
Sensor1        , -2983 , -299 , -2396, -138 , -66   , -48  , 01:50:397000, 
Sensor1        , -2991 , -285 , -2388, -136 , -74   , -54  , 01:50:503000, 
Sensor1        , -2960 , -264 , -2394, -136 , -61   , -48  , 01:50:607000, 
Sensor1        , -2962 , -304 , -2386, -136 , -73   , -50  , 01:50:712000, 
Sensor1        , -2974 , -305 , -2410, -135 , -72   , -53  , 01:50:817000, 
Sensor1        , -2971 , -292 , -2412, -142 , -66   , -48  , 01:50:922000, 
Sensor1        , -2998 , -292 , -2419, -139 , -69   , -46  , 01:51:027000, 
Sensor1        , -2963 , -298 , -2427, -137 , -68   , -45  , 01:51:132000, 
Sensor1        , -2970 , -284 , -2438, -143 , -64   , -46  , 01:51:237000, 
Sensor1        , -2957 , -282 , -2455, -136 , -70   , -50  , 01:51:342000, 
Sensor1        , -2978 , -296 , -2391, -137 , -74   , -44  , 01:51:447000, 
Sensor1        , -2990 , -292 , -2428, -143 , -74   , -47  , 01:51:552000, 
Sensor1        , -3000 , -275 , -2423, -139 , -72   , -48  , 01:51:657000, 
Sensor1        , -2994 , -319 , -2394, -135 , -73   , -46  , 01:51:762000, 
Sensor1        , -2967 , -287 , -2414, -138 , -71   , -47  , 01:51:867000, 
Sensor1        , -2983 , -305 , -2427, -139 , -67   , -50  , 01:51:971000, 
Sensor1        , -2977 , -299 , -2450, -139 , -70   , -47  , 01:52:076000, 
Sensor1        , -2982 , -306 , -2373, -135 , -71   , -51  , 01:52:181000, 
Sensor1        , -2984 , -306 , -2466, -137 , -71   , -54  , 01:52:286000, 
Sensor1        , -2977 , -303 , -2381, -132 , -73   , -44  , 01:52:391000, 
Sensor1        , -2965 , -289 , -2382, -138 , -68   , -59  , 01:52:496000, 
Sensor1        , -2969 , -299 , -2397, -139 , -69   , -56  , 01:52:601000, 
Sensor1        , -2971 , -305 , -2393, -135 , -71   , -46  , 01:52:706000, 
Sensor1        , -2966 , -295 , -2482, -136 , -68   , -44  , 01:52:811000, 
Sensor1        , -2972 , -299 , -2423, -138 , -68   , -49  , 01:52:916000, 
Sensor1        , -2993 , -289 , -2411, -140 , -64   , -51  , 01:53:021000, 
Sensor1        , -2978 , -300 , -2405, -138 , -72   , -50  , 01:53:126000, 
Sensor1        , -2989 , -303 , -2400, -132 , -60   , -47  , 01:53:231000, 
Sensor1        , -2987 , -298 , -2406, -140 , -66   , -48  , 01:53:335000, 
Sensor1        , -2969 , -268 , -2446, -136 , -72   , -44  , 01:53:440000, 
Sensor1        , -2995 , -317 , -2449, -130 , -69   , -49  , 01:53:547000, 
Sensor1        , -2963 , -288 , -2408, -139 , -73   , -46  , 01:53:651000, 
Sensor1        , -2965 , -301 , -2389, -137 , -71   , -39  , 01:53:756000, 
Sensor1        , -2978 , -307 , -2421, -134 , -67   , -52  , 01:53:861000, 
Sensor1        , -2952 , -300 , -2444, -136 , -66   , -45  , 01:53:966000, 
Sensor1        , -2977 , -297 , -2400, -135 , -67   , -45  , 01:54:071000, 
Sensor1        , -2978 , -303 , -2391, -135 , -74   , -51  , 01:54:176000, 
Sensor1        , -2966 , -306 , -2391, -137 , -76   , -55  , 01:54:281000, 
Sensor1        , -2993 , -295 , -2375, -136 , -72   , -50  , 01:54:386000, 
Sensor1        , -2985 , -296 , -2421, -132 , -68   , -52  , 01:54:491000, 
Sensor1        , -2968 , -315 , -2422, -137 , -71   , -42  , 01:54:596000, 
Sensor1        , -2983 , -307 , -2419, -135 , -66   , -47  , 01:54:701000, 
Sensor1        , -2966 , -305 , -2400, -137 , -64   , -51  , 01:54:806000, 
Sensor1        , -2991 , -296 , -2383, -134 , -72   , -47  , 01:54:910000, 
Sensor1        , -2983 , -283 , -2444, -134 , -72   , -52  , 01:55:015000, 
Sensor1        , -2980 , -294 , -2391, -133 , -67   , -53  , 01:55:120000, 
Sensor1        , -2966 , -306 , -2429, -134 , -72   , -47  , 01:55:225000, 
Sensor1        , -2969 , -285 , -2388, -135 , -66   , -50  , 01:55:330000, 
Sensor1        , -2982 , -298 , -2422, -135 , -63   , -48  , 01:55:435000, 
Sensor1        , -2997 , -262 , -2410, -138 , -63   , -47  , 01:55:540000, 
Sensor1        , -2970 , -334 , -2443, -145 , -76   , -41  , 01:55:645000, 
Sensor1        , -2969 , -288 , -2385, -138 , -68   , -54  , 01:55:749000, 
Sensor1        , -2971 , -283 , -2414, -132 , -72   , -53  , 01:55:854000, 
Sensor1        , -3004 , -304 , -2420, -138 , -65   , -52  , 01:55:959000, 
Sensor1        , -3005 , -304 , -2402, -139 , -68   , -51  , 01:56:064000, 
Sensor1        , -2973 , -325 , -2392, -137 , -64   , -51  , 01:56:169000, 
Sensor1        , -2965 , -315 , -2427, -135 , -68   , -47  , 01:56:274000, 
Sensor1        , -2991 , -303 , -2405, -141 , -67   , -49  , 01:56:379000, 
Sensor1        , -3010 , -303 , -2375, -140 , -73   , -51  , 01:56:484000, 
Sensor1        , -2999 , -288 , -2402, -141 , -70   , -45  , 01:56:589000, 
Sensor1        , -3006 , -291 , -2400, -144 , -67   , -54  , 01:56:694000, 
Sensor1        , -2948 , -309 , -2386, -137 , -68   , -48  , 01:56:798000, 
Sensor1        , -2993 , -315 , -2393, -143 , -67   , -48  , 01:56:903000, 
Sensor1        , -2960 , -284 , -2475, -140 , -65   , -48  , 01:57:008000, 
Sensor1        , -2986 , -280 , -2401, -137 , -70   , -52  , 01:57:113000, 
Sensor1        , -2986 , -288 , -2399, -137 , -73   , -43  , 01:57:218000, 
Sensor1        , -2989 , -284 , -2378, -142 , -70   , -47  , 01:57:323000, 
Sensor1        , -2993 , -278 , -2421, -139 , -73   , -43  , 01:57:428000, 
Sensor1        , -2991 , -300 , -2435, -134 , -68   , -48  , 01:57:533000, 
Sensor1        , -2981 , -271 , -2380, -141 , -70   , -52  , 01:57:638000, 
Sensor1        , -2963 , -282 , -2409, -129 , -74   , -51  , 01:57:742000, 
Sensor1        , -2987 , -290 , -2416, -141 , -72   , -46  , 01:57:848000, 
Sensor1        , -2982 , -273 , -2425, -133 , -68   , -46  , 01:57:953000, 
Sensor1        , -2995 , -303 , -2413, -136 , -74   , -47  , 01:58:058000, 
Sensor1        , -1874 , -10  , -2534, 190  , 1077  , -1186, 01:58:163000, 
Sensor1        , -2811 , -968 , -2244, -810 , -2201 , -760 , 01:58:268000, 
Sensor1        , -5186 , -1677, -1988, -1473, -13350, 3941 , 01:58:373000, 
Sensor1        , -4539 , -899 , -1720, 702  , -1028 , -2206, 01:58:477000, 
Sensor1        , -5255 , -1192, -319 , -32  , -2965 , -5540, 01:58:582000, 
Sensor1        , -3007 , -1346, 1431 , -776 , -4134 , -6210, 01:58:687000, 
Sensor1        , -1548 , -1710, 1715 , 344  , -285  , -6218, 01:58:792000, 
Sensor1        , 291   , -1519, 1550 , -586 , -1592 , -6096, 01:58:897000, 
Sensor1        , 310   , -2411, 2021 , 500  , 1286  , -5923, 01:59:002000, 
Sensor1        , 2005  , -2723, 4171 , 1261 , -1325 , -897 , 01:59:107000, 
Sensor1        , 616   , -2373, 2533 , 116  , -1297 , -51  , 01:59:212000, 
